files,barriers
1.pdb,34.76
2.pdb,33.22
3.pdb,34.93
4.pdb,34.27
5.pdb,26.79
6.pdb,25.94
7.pdb,27.18
8.pdb,28.64
9.pdb,33.73
10.pdb,32.33
11.pdb,28.7
12.pdb,30.32
13.pdb,31.87
14.pdb,30.83
15.pdb,27.65
16.pdb,28.97
17.pdb,33.17
18.pdb,29.08
19.pdb,30.6
20.pdb,35.86
21.pdb,27.64
22.pdb,32.16
23.pdb,23.41
24.pdb,27.65
25.pdb,30.65
26.pdb,29.26
27.pdb,26.4
28.pdb,32.58
29.pdb,33.23
30.pdb,28.92
31.pdb,28.13
32.pdb,31.63
33.pdb,32.37
34.pdb,22.78
35.pdb,34.79
36.pdb,25.34
37.pdb,33.09
38.pdb,29.02
39.pdb,28.1
40.pdb,33.99
41.pdb,32.58
42.pdb,32.93
43.pdb,27
44.pdb,32.62
45.pdb,28.99
46.pdb,33.54
47.pdb,29.8
48.pdb,28.67
49.pdb,31.68
50.pdb,32.05
51.pdb,27.11
52.pdb,32.51
53.pdb,28.96
54.pdb,27.53
55.pdb,25.79
56.pdb,28.99
57.pdb,33.16
58.pdb,26.32
59.pdb,28.79
61.pdb,24.79
62.pdb,33.75
63.pdb,28.32
64.pdb,29.84
65.pdb,28.69
66.pdb,30.58
67.pdb,28.51
68.pdb,30.26
69.pdb,25.04
70.pdb,26.05
71.pdb,22.7
72.pdb,26.73
73.pdb,27.93
74.pdb,27.92
75.pdb,23.99
76.pdb,28.17
77.pdb,28.64
78.pdb,28.72
79.pdb,28.78
80.pdb,28.69
81.pdb,28.87
82.pdb,31.02
83.pdb,28.03
84.pdb,31.62
85.pdb,27.79
86.pdb,31.15
87.pdb,29.66
88.pdb,31.93
89.pdb,26.15
90.pdb,22.95
91.pdb,28.99
92.pdb,32.12
93.pdb,29.18
94.pdb,22.98
95.pdb,30.01
96.pdb,28.83
97.pdb,25.83
98.pdb,27.35
99.pdb,25.41
100.pdb,26.51
101.pdb,28.95
102.pdb,32.71
103.pdb,24.16
104.pdb,28.02
105.pdb,26.49
106.pdb,30.86
107.pdb,31.37
108.pdb,25.31
109.pdb,30.41
110.pdb,33.14
111.pdb,29.76
112.pdb,28.3
113.pdb,30.9
114.pdb,27.6
115.pdb,28.49
116.pdb,28.86
117.pdb,31.95
118.pdb,28.37
119.pdb,26.28
120.pdb,28.87
121.pdb,28.21
122.pdb,24.13
123.pdb,28.48
124.pdb,29.38
125.pdb,26.21
126.pdb,26.57
127.pdb,29.13
128.pdb,26.27
129.pdb,29.58
130.pdb,29.39
131.pdb,30.2
132.pdb,28.85
133.pdb,23.06
134.pdb,27.88
135.pdb,24.01
136.pdb,23.9
137.pdb,33.11
138.pdb,29.38
139.pdb,23.06
140.pdb,25.39
141.pdb,27.58
142.pdb,28.77
143.pdb,30.76
144.pdb,24.6
145.pdb,31.47
146.pdb,24.79
147.pdb,27.35
148.pdb,30.93
149.pdb,33.28
150.pdb,22.87
151.pdb,28.87
152.pdb,29.65
153.pdb,28.46
154.pdb,31.91
155.pdb,26.82
156.pdb,33.6
157.pdb,25.38
158.pdb,27.9
159.pdb,27.41
160.pdb,29.7
161.pdb,33.25
162.pdb,29.32
163.pdb,28.93
164.pdb,26.52
165.pdb,22.76
166.pdb,29.48
167.pdb,28.88
168.pdb,37.44
169.pdb,24.15
170.pdb,30.02
171.pdb,31.14
172.pdb,26.99
173.pdb,29.01
174.pdb,30.39
175.pdb,29.29
176.pdb,30.52
177.pdb,35.13
178.pdb,26.33
179.pdb,29.68
180.pdb,29.27
181.pdb,28.11
182.pdb,25.38
183.pdb,28.45
184.pdb,25.24
185.pdb,28.4
186.pdb,31.61
187.pdb,33.74
188.pdb,34.54
189.pdb,23.88
190.pdb,28.72
191.pdb,27.54
192.pdb,30.05
193.pdb,27.97
194.pdb,27.59
195.pdb,26.68
196.pdb,28
197.pdb,27.62
198.pdb,27.62
199.pdb,29.22
200.pdb,28.83
201.pdb,29.19
202.pdb,27.69
203.pdb,29.46
204.pdb,29.1
205.pdb,21.1
206.pdb,25.71
207.pdb,29.55
208.pdb,27.6
209.pdb,28.89
210.pdb,26.88
211.pdb,30.39
212.pdb,28.47
213.pdb,29.75
214.pdb,30.99
215.pdb,29.38
216.pdb,21.96
217.pdb,29.79
218.pdb,25.55
219.pdb,30.27
220.pdb,29.34
221.pdb,29.55
222.pdb,32.91
223.pdb,31.79
224.pdb,33.8
225.pdb,23.32
226.pdb,28.5
227.pdb,25.64
228.pdb,25.14
229.pdb,33.8
230.pdb,29.11
231.pdb,30.51
232.pdb,23.71
233.pdb,28.65
234.pdb,29.28
235.pdb,29.66
236.pdb,31.91
237.pdb,27.58
238.pdb,31.07
239.pdb,32.47
240.pdb,27.8
241.pdb,26.81
242.pdb,32.99
243.pdb,28.06
244.pdb,31.56
245.pdb,29.68
246.pdb,26.81
247.pdb,27.74
248.pdb,30.16
249.pdb,28.95
250.pdb,29.54
251.pdb,32.1
252.pdb,24.5
253.pdb,26.91
254.pdb,27.12
255.pdb,25.55
256.pdb,23.59
257.pdb,26.19
258.pdb,26.37
259.pdb,30.8
260.pdb,28.59
261.pdb,27.47
262.pdb,27.67
263.pdb,31.53
264.pdb,27.39
265.pdb,32.08
266.pdb,30.23
267.pdb,21.57
268.pdb,32.19
269.pdb,31.86
270.pdb,29.68
271.pdb,21.07
272.pdb,29.15
273.pdb,27.75
274.pdb,32.88
275.pdb,33.72
276.pdb,28.47
277.pdb,33.93
278.pdb,29.55
279.pdb,23.19
280.pdb,33.2
281.pdb,27.89
282.pdb,32.68
283.pdb,30.24
284.pdb,31.19
285.pdb,34.57
286.pdb,30.99
287.pdb,31.78
288.pdb,32.78
289.pdb,32.25
290.pdb,27.54
291.pdb,27.77
292.pdb,28.1
293.pdb,33.37
294.pdb,27.44
295.pdb,26.42
296.pdb,34.86
297.pdb,26.89
298.pdb,28.45
299.pdb,29.91
300.pdb,29.1
301.pdb,28.59
302.pdb,27.87
303.pdb,31.95
304.pdb,27.55
305.pdb,27.65
306.pdb,28.41
307.pdb,28.99
308.pdb,34.23
309.pdb,26.77
310.pdb,27.8
311.pdb,29.17
312.pdb,27.6
313.pdb,28.87
314.pdb,28.46
315.pdb,28.77
316.pdb,28.9
317.pdb,29.39
318.pdb,30.76
319.pdb,22.4
320.pdb,33.78
321.pdb,32.97
322.pdb,28.12
323.pdb,29.36
324.pdb,27.97
325.pdb,31.1
326.pdb,28.93
327.pdb,32.17
328.pdb,30.44
329.pdb,25.6
330.pdb,29.32
331.pdb,29.19
332.pdb,24.33
333.pdb,28.4
334.pdb,31.21
335.pdb,24.49
336.pdb,30.15
337.pdb,23.81
338.pdb,26.05
339.pdb,30.72
340.pdb,27.02
341.pdb,33.77
342.pdb,19.62
343.pdb,26.62
344.pdb,30.7
345.pdb,24.26
346.pdb,31.62
347.pdb,28.88
348.pdb,28.5
349.pdb,32.42
350.pdb,21.38
351.pdb,26.39
352.pdb,26.5
353.pdb,21.43
354.pdb,29.15
355.pdb,27.72
356.pdb,29.76
357.pdb,26.8
358.pdb,24.16
359.pdb,28.21
360.pdb,30.61
361.pdb,24.96
362.pdb,28.78
363.pdb,26.8
364.pdb,24.33
365.pdb,28.1
366.pdb,27.68
367.pdb,28.39
368.pdb,28.94
369.pdb,29.41
370.pdb,29.65
371.pdb,28.85
372.pdb,31.85
373.pdb,24.52
374.pdb,27.94
375.pdb,29.3
376.pdb,29.71
377.pdb,28.62
378.pdb,31.13
379.pdb,29.61
380.pdb,29.19
381.pdb,30.09
382.pdb,22.91
383.pdb,27.57
384.pdb,32.27
385.pdb,27.52
386.pdb,28.53
387.pdb,29.55
388.pdb,29.69
389.pdb,28.01
390.pdb,29.15
391.pdb,24.06
392.pdb,29.23
393.pdb,29.16
394.pdb,27.99
395.pdb,28.68
396.pdb,22.78
397.pdb,26.22
398.pdb,28.55
399.pdb,26.58
400.pdb,27.77
401.pdb,34.56
402.pdb,33.59
403.pdb,25.73
404.pdb,28.26
405.pdb,29.23
406.pdb,28.27
407.pdb,26.6
408.pdb,24.1
409.pdb,32.97
410.pdb,31.69
411.pdb,26.87
412.pdb,30.06
413.pdb,28.19
414.pdb,31.69
415.pdb,28.73
416.pdb,28.05
417.pdb,32.78
418.pdb,31.4
419.pdb,23.27
420.pdb,24.15
421.pdb,30.38
422.pdb,28.44
423.pdb,22.35
424.pdb,27.06
425.pdb,27.29
426.pdb,26.42
427.pdb,29.4
428.pdb,29.89
429.pdb,28.24
430.pdb,29.43
431.pdb,29.88
432.pdb,28.48
433.pdb,20.53
434.pdb,27.96
435.pdb,33.86
436.pdb,31.1
437.pdb,28.26
438.pdb,22.69
439.pdb,25.8
440.pdb,29.81
441.pdb,25.89
442.pdb,27.46
443.pdb,33
444.pdb,27.81
445.pdb,22.72
446.pdb,28.64
447.pdb,27.31
448.pdb,27.57
449.pdb,30.61
450.pdb,26.62
451.pdb,30.51
452.pdb,31.51
453.pdb,33.08
454.pdb,27.71
455.pdb,25.7
456.pdb,28.77
457.pdb,26.79
458.pdb,28.29
459.pdb,28.48
460.pdb,30.77
461.pdb,35.09
462.pdb,29.88
463.pdb,32.95
464.pdb,27.64
465.pdb,26.64
466.pdb,29.76
467.pdb,32.92
468.pdb,27.59
469.pdb,35.01
470.pdb,24.24
471.pdb,28.88
472.pdb,29.05
473.pdb,27.92
474.pdb,28.22
475.pdb,29.62
476.pdb,30.18
477.pdb,32.89
478.pdb,30.39
479.pdb,28.48
480.pdb,27.65
481.pdb,33.52
482.pdb,28.86
483.pdb,32.16
484.pdb,28.35
485.pdb,34.47
486.pdb,25.91
487.pdb,29.9
488.pdb,28.1
489.pdb,30.81
490.pdb,29.14
491.pdb,34.62
492.pdb,33.19
493.pdb,25.93
494.pdb,26.03
495.pdb,23.04
496.pdb,27.53
497.pdb,27.35
498.pdb,27.91
499.pdb,28.03
500.pdb,28.91
501.pdb,27.88
502.pdb,29.62
503.pdb,32.79
504.pdb,26.43
505.pdb,29.3
506.pdb,29.9
507.pdb,33
508.pdb,28.34
509.pdb,32.77
510.pdb,34.47
511.pdb,30.59
512.pdb,35.15
513.pdb,25.98
514.pdb,22.26
515.pdb,28.49
516.pdb,27.72
517.pdb,33.04
518.pdb,27.69
519.pdb,34.29
520.pdb,27.41
521.pdb,33.07
522.pdb,28.99
523.pdb,28.46
524.pdb,29.22
525.pdb,32.71
526.pdb,26.34
527.pdb,34.18
528.pdb,35.08
529.pdb,29.42
530.pdb,22.83
531.pdb,23.98
532.pdb,27.4
533.pdb,34.69
534.pdb,33.66
535.pdb,28.98
536.pdb,28.82
537.pdb,27.24
538.pdb,26.93
539.pdb,28.44
540.pdb,28.8
541.pdb,27.79
542.pdb,27.61
543.pdb,33.65
544.pdb,31.85
545.pdb,28.4
546.pdb,28.79
547.pdb,34.4
548.pdb,27.25
549.pdb,32.05
550.pdb,29.1
551.pdb,28.12
552.pdb,28.1
553.pdb,29.02
554.pdb,27.33
555.pdb,30.04
556.pdb,27.49
557.pdb,29.27
558.pdb,32.75
559.pdb,28.75
560.pdb,33.88
561.pdb,33.87
562.pdb,29.01
563.pdb,29.14
564.pdb,30.13
565.pdb,28.83
566.pdb,26.72
567.pdb,30.07
568.pdb,29.88
569.pdb,32.44
570.pdb,27.88
571.pdb,29.44
572.pdb,33.84
573.pdb,30.6
574.pdb,33.15
575.pdb,33.57
576.pdb,23.91
577.pdb,32.79
578.pdb,28.66
579.pdb,34.27
580.pdb,24.4
581.pdb,32.61
582.pdb,27.83
583.pdb,28.29
584.pdb,24.19
585.pdb,27.13
586.pdb,28.57
587.pdb,23.08
588.pdb,29.26
589.pdb,22.91
590.pdb,31.46
591.pdb,31.05
592.pdb,29.95
593.pdb,31.76
594.pdb,30.02
595.pdb,33.61
596.pdb,29.27
597.pdb,28.1
598.pdb,28
599.pdb,29.51
600.pdb,28.46
601.pdb,34.47
602.pdb,28.84
603.pdb,29.34
604.pdb,28.41
605.pdb,29.16
606.pdb,29.04
608.pdb,27.94
610.pdb,25.9
611.pdb,28.16
612.pdb,29.95
613.pdb,33.51
614.pdb,26.87
615.pdb,25.49
616.pdb,30.7
617.pdb,23.81
618.pdb,34.13
619.pdb,28.37
620.pdb,21.81
621.pdb,28.07
623.pdb,33.41
624.pdb,29.2
625.pdb,26.64
626.pdb,33.33
627.pdb,27.78
628.pdb,29.37
629.pdb,29.39
630.pdb,31.04
631.pdb,27.44
632.pdb,29.25
633.pdb,28.58
634.pdb,26.35
635.pdb,32.65
636.pdb,25.14
637.pdb,26.77
638.pdb,27.74
639.pdb,26.53
640.pdb,31.2
642.pdb,31.21
643.pdb,22.17
644.pdb,25.26
645.pdb,31.9
646.pdb,34.21
647.pdb,29.34
648.pdb,29.37
649.pdb,28.95
650.pdb,27.45
652.pdb,27.01
653.pdb,27.37
654.pdb,29.71
655.pdb,23.63
656.pdb,28.09
658.pdb,34.24
659.pdb,31.66
660.pdb,30.65
661.pdb,25.01
662.pdb,32.6
663.pdb,32.27
664.pdb,28.06
665.pdb,33.09
666.pdb,29.81
667.pdb,29.84
668.pdb,34.42
669.pdb,24.24
670.pdb,31.49
671.pdb,31.89
672.pdb,34.54
673.pdb,30.95
674.pdb,22.81
675.pdb,27.79
677.pdb,28.21
680.pdb,32.84
681.pdb,29
682.pdb,29.09
683.pdb,27.44
684.pdb,28.7
685.pdb,26.6
686.pdb,26.82
687.pdb,27.25
688.pdb,28.08
689.pdb,29.14
690.pdb,28.47
691.pdb,30.58
692.pdb,31.08
693.pdb,29.65
694.pdb,30.5
695.pdb,28.89
696.pdb,28.73
697.pdb,32.1
698.pdb,31.04
699.pdb,29.68
700.pdb,29.56
701.pdb,29.92
702.pdb,24.01
703.pdb,29.36
704.pdb,29
705.pdb,26.82
706.pdb,28.33
707.pdb,30.51
708.pdb,28.79
709.pdb,29.16
710.pdb,32.57
711.pdb,29.19
712.pdb,27.39
713.pdb,28.94
714.pdb,29.52
715.pdb,30.58
716.pdb,27.34
717.pdb,27.94
718.pdb,33.13
719.pdb,32.04
720.pdb,29.78
721.pdb,24.02
722.pdb,28.35
723.pdb,28.58
724.pdb,30.17
725.pdb,27.44
726.pdb,28.93
727.pdb,27.47
728.pdb,24.97
729.pdb,29.93
730.pdb,29.46
731.pdb,27.11
732.pdb,32.59
733.pdb,27.04
734.pdb,28.28
735.pdb,30.69
736.pdb,28.35
737.pdb,28.79
738.pdb,30.86
739.pdb,27.88
740.pdb,29.46
741.pdb,28.23
742.pdb,32.11
743.pdb,31.45
744.pdb,29.71
745.pdb,29.28
746.pdb,27.65
747.pdb,26.74
748.pdb,27.7
749.pdb,28.86
750.pdb,31.91
751.pdb,28.48
752.pdb,31.04
753.pdb,34.02
754.pdb,29.41
755.pdb,28.48
756.pdb,28.88
757.pdb,29.97
758.pdb,28.07
759.pdb,30.43
760.pdb,30.77
761.pdb,29.51
762.pdb,29.85
763.pdb,32.21
764.pdb,29.25
765.pdb,27.8
766.pdb,33.34
767.pdb,29.56
768.pdb,28.01
769.pdb,30.38
770.pdb,28.53
771.pdb,29.22
772.pdb,28.23
773.pdb,28.81
774.pdb,27.98
775.pdb,34.41
776.pdb,27.96
777.pdb,26.23
778.pdb,29.32
779.pdb,29.74
780.pdb,34.93
781.pdb,27.3
782.pdb,27.04
783.pdb,29.61
784.pdb,29.12
785.pdb,27.21
786.pdb,33.64
787.pdb,33.01
788.pdb,27.61
789.pdb,30.63
790.pdb,31.27
791.pdb,30.84
792.pdb,29.1
793.pdb,31.87
794.pdb,29.79
795.pdb,27.02
796.pdb,28.13
797.pdb,28.82
798.pdb,26.8
799.pdb,32.97
800.pdb,28.04
801.pdb,28.75
802.pdb,31.41
803.pdb,30.87
804.pdb,27.24
805.pdb,27.98
806.pdb,28.45
807.pdb,33.06
808.pdb,30.75
809.pdb,28.46
810.pdb,27.95
811.pdb,26.11
812.pdb,23.26
813.pdb,25.63
814.pdb,34.78
815.pdb,24.17
816.pdb,28.45
817.pdb,33.59
818.pdb,26.61
819.pdb,28.05
820.pdb,30.79
821.pdb,29.72
822.pdb,29.58
823.pdb,29.24
824.pdb,27.88
825.pdb,29.23
826.pdb,29.73
827.pdb,27.38
828.pdb,29.41
829.pdb,31.91
830.pdb,29.31
831.pdb,27.06
832.pdb,33.1
833.pdb,27.07
834.pdb,29.03
835.pdb,28.98
836.pdb,32.56
837.pdb,28.99
838.pdb,32.82
839.pdb,29.4
840.pdb,33.59
841.pdb,27.68
842.pdb,24.46
843.pdb,32.01
844.pdb,27.82
845.pdb,27.36
846.pdb,31.28
847.pdb,28.8
848.pdb,32.62
849.pdb,25.19
850.pdb,32.69
851.pdb,29.73
852.pdb,31.29
853.pdb,27.51
854.pdb,30.87
855.pdb,27.85
856.pdb,29.62
857.pdb,27.6
858.pdb,30.79
859.pdb,29.22
860.pdb,24.83
861.pdb,27.61
862.pdb,28.17
863.pdb,28.75
864.pdb,28.98
865.pdb,29.21
866.pdb,29.52
867.pdb,30.22
868.pdb,34.2
869.pdb,29.78
870.pdb,25.41
871.pdb,29.54
872.pdb,23.93
873.pdb,29.1
874.pdb,29.69
875.pdb,30.46
876.pdb,27.65
877.pdb,33.49
878.pdb,34.53
879.pdb,31.49
880.pdb,29.46
881.pdb,27.93
882.pdb,28.63
883.pdb,28.22
884.pdb,26.39
885.pdb,28.78
886.pdb,28.25
887.pdb,32.12
888.pdb,28.05
889.pdb,29.69
890.pdb,23.55
891.pdb,33.5
892.pdb,26.91
893.pdb,28.33
894.pdb,29.59
895.pdb,27.86
896.pdb,31.11
897.pdb,28.36
898.pdb,30.14
899.pdb,31.56
900.pdb,28.48
901.pdb,32.99
902.pdb,28.6
903.pdb,27.62
904.pdb,29.31
905.pdb,31.08
906.pdb,26.4
907.pdb,25.25
908.pdb,28.64
909.pdb,28.06
910.pdb,29.31
911.pdb,27.85
912.pdb,28.07
913.pdb,24.38
914.pdb,23.28
915.pdb,27.64
916.pdb,30.2
917.pdb,24.38
918.pdb,32.07
919.pdb,27.6
920.pdb,28.86
921.pdb,30.37
922.pdb,30.7
923.pdb,28.24
924.pdb,30.49
925.pdb,29.08
926.pdb,24.05
927.pdb,28.8
928.pdb,26.89
929.pdb,28.44
930.pdb,29.49
931.pdb,30.9
932.pdb,25.96
933.pdb,30.43
934.pdb,33.42
935.pdb,28.32
936.pdb,29.72
937.pdb,33.07
938.pdb,29.25
939.pdb,27.97
940.pdb,25.37
941.pdb,26.16
942.pdb,32.02
943.pdb,27.13
944.pdb,33.25
945.pdb,28.98
946.pdb,27.69
947.pdb,29.51
948.pdb,32.13
949.pdb,27.76
950.pdb,29.42
951.pdb,35
952.pdb,28.55
953.pdb,28.83
954.pdb,30.85
955.pdb,22.86
956.pdb,28.03
957.pdb,28.38
958.pdb,29.66
959.pdb,23.07
960.pdb,28.2
961.pdb,27.16
962.pdb,23.91
963.pdb,26.77
964.pdb,33.72
965.pdb,27.8
966.pdb,28.16
967.pdb,25.99
968.pdb,31.08
969.pdb,29.66
970.pdb,32.09
971.pdb,25.59
972.pdb,28.66
973.pdb,29.73
974.pdb,32.1
975.pdb,28.85
976.pdb,30.3
977.pdb,27.49
978.pdb,28.65
979.pdb,28.89
980.pdb,32.96
981.pdb,29.29
982.pdb,30.17
983.pdb,28.59
984.pdb,29.32
985.pdb,26.89
986.pdb,33.61
987.pdb,28.88
988.pdb,30.82
989.pdb,31.38
990.pdb,28.09
991.pdb,29.46
992.pdb,30.96
993.pdb,33.68
994.pdb,23.28
995.pdb,26.52
996.pdb,32.67
997.pdb,28.05
998.pdb,33.98
999.pdb,23.87
1000.pdb,28.81
1001.pdb,27.21
1002.pdb,33.31
1003.pdb,28.81
1004.pdb,33.13
1005.pdb,33.95
1006.pdb,27.51
1007.pdb,33.19
1008.pdb,23.03
1009.pdb,27.46
1010.pdb,29.31
1011.pdb,25.44
1012.pdb,27.9
1013.pdb,29.83
1014.pdb,28.42
1015.pdb,28.09
1016.pdb,34.82
1017.pdb,26.98
1018.pdb,30.71
1019.pdb,28.16
1020.pdb,30.32
1021.pdb,25.81
1022.pdb,31.38
1023.pdb,33.82
1024.pdb,29.52
1025.pdb,23.5
1026.pdb,30.8
1027.pdb,25.01
1028.pdb,34.45
1029.pdb,27
1030.pdb,30.91
1031.pdb,25.36
1032.pdb,27.62
1033.pdb,28.95
1034.pdb,30.82
1035.pdb,29.32
1036.pdb,27.99
1037.pdb,23.89
1038.pdb,30.69
1039.pdb,34.79
1040.pdb,34.9
1041.pdb,28.12
1042.pdb,30.04
1043.pdb,32.85
1044.pdb,27.81
1045.pdb,32.34
1046.pdb,27.64
1047.pdb,29.62
1048.pdb,27.45
1049.pdb,27.25
1050.pdb,31.54
1051.pdb,28.7
1052.pdb,30.54
1053.pdb,30.95
1054.pdb,33.43
1055.pdb,31.32
1056.pdb,28.17
1057.pdb,34.43
1058.pdb,31.3
1059.pdb,26.57
1060.pdb,30.33
1061.pdb,28.23
1062.pdb,28.16
1063.pdb,34.05
1064.pdb,28.14
1065.pdb,28.36
1066.pdb,33.2
1067.pdb,28.15
1068.pdb,31.46
1069.pdb,31.54
1070.pdb,34.3
1071.pdb,33.85
1072.pdb,30.86
1073.pdb,25.23
1074.pdb,31.93
1075.pdb,32.62
1076.pdb,22.97
1077.pdb,31.25
1078.pdb,31.35
1079.pdb,29.63
1080.pdb,29.21
1081.pdb,26.61
1082.pdb,32.32
1083.pdb,31.82
1084.pdb,27.43
1085.pdb,30.23
1086.pdb,30.57
1087.pdb,27.5
1088.pdb,24.7
1089.pdb,28.18
1090.pdb,30.52
1091.pdb,28.68
1092.pdb,31.13
1093.pdb,28.13
1094.pdb,24.73
1095.pdb,34.92
1096.pdb,28.75
1097.pdb,32.71
1098.pdb,28.37
1099.pdb,26.35
1100.pdb,28.98
1101.pdb,29.59
1102.pdb,29.12
1103.pdb,28.4
1104.pdb,23.99
1105.pdb,28.74
1106.pdb,29.04
1107.pdb,28.34
1108.pdb,25.61
1109.pdb,31.24
1110.pdb,30.01
1111.pdb,28.2
1112.pdb,29.13
1113.pdb,33.39
1114.pdb,29.13
1115.pdb,25.15
1116.pdb,27.68
1117.pdb,33.71
1118.pdb,29.79
1119.pdb,37.29
1120.pdb,26.32
1121.pdb,27.97
1122.pdb,28.98
1123.pdb,24.5
1124.pdb,25.42
1125.pdb,32.39
1126.pdb,30.98
1127.pdb,34.24
1128.pdb,29.97
1129.pdb,33.39
1130.pdb,31.03
1131.pdb,31.38
1132.pdb,32.92
1133.pdb,32.76
1134.pdb,29.39
1135.pdb,33.61
1136.pdb,28.96
1137.pdb,27.86
1138.pdb,28.29
1139.pdb,30.49
1140.pdb,29.14
1141.pdb,33.46
1142.pdb,26.09
1143.pdb,22.31
1144.pdb,28.1
1145.pdb,32.07
1146.pdb,29.99
1147.pdb,22.46
1148.pdb,26.76
1149.pdb,30.13
1150.pdb,23.93
1151.pdb,28.51
1152.pdb,23.22
1153.pdb,33.04
1154.pdb,27.99
1155.pdb,29.85
1156.pdb,27.29
1157.pdb,29.1
1158.pdb,29.65
1159.pdb,26.18
1160.pdb,27.97
1161.pdb,32.55
1162.pdb,23.03
1163.pdb,30.61
1164.pdb,33.27
1165.pdb,33.36
1166.pdb,28.42
1167.pdb,33.33
1168.pdb,28.02
1169.pdb,32.35
1170.pdb,29.58
1171.pdb,27.14
1172.pdb,28.78
1173.pdb,34.57
1174.pdb,29.98
1175.pdb,33.79
1176.pdb,30.77
1177.pdb,28.04
1178.pdb,34.16
1179.pdb,28.51
1180.pdb,32.25
1181.pdb,29.69
1182.pdb,29.69
1183.pdb,27.02
1184.pdb,29.73
1185.pdb,30.39
1186.pdb,31.23
1187.pdb,27.88
1188.pdb,33.95
1189.pdb,27.88
1190.pdb,23.99
1191.pdb,33.84
1192.pdb,28.04
1193.pdb,27.31
1194.pdb,29.26
1195.pdb,25.87
1196.pdb,29.53
1197.pdb,24.82
1198.pdb,29.22
1199.pdb,28.43
1200.pdb,28.74
1201.pdb,28.96
1202.pdb,26.17
1203.pdb,33.52
1204.pdb,24.22
1205.pdb,31.11
1206.pdb,34.07
1207.pdb,32.57
1208.pdb,30.24
1209.pdb,29.36
1210.pdb,29.28
1211.pdb,30.75
1212.pdb,32.17
1213.pdb,29.12
1214.pdb,30.04
1215.pdb,29.94
1216.pdb,29.53
1217.pdb,26.99
1218.pdb,28.11
1219.pdb,28.72
1220.pdb,23.87
1221.pdb,30.84
1222.pdb,23.27
1223.pdb,27.6
1224.pdb,27.88
1225.pdb,27.56
1226.pdb,28.36
1227.pdb,26.58
1228.pdb,27.8
1229.pdb,27.97
1230.pdb,33.56
1231.pdb,33.33
1232.pdb,33.62
1233.pdb,23.81
1234.pdb,29.96
1235.pdb,29.46
1236.pdb,32.75
1237.pdb,23.16
1238.pdb,25.18
1239.pdb,32.4
1240.pdb,30.53
1241.pdb,32.07
1242.pdb,28.32
1243.pdb,23.4
1244.pdb,32.01
1245.pdb,30.29
1246.pdb,34.64
1247.pdb,33.32
1248.pdb,31.32
1249.pdb,26.96
1250.pdb,24.17
1251.pdb,25.19
1252.pdb,33.18
1253.pdb,33.33
1254.pdb,29.25
1255.pdb,31.84
1256.pdb,24.76
1257.pdb,29
1258.pdb,27.42
1259.pdb,29.39
1260.pdb,24.17
1261.pdb,24.16
1262.pdb,31.34
1263.pdb,30.07
1264.pdb,27.92
1265.pdb,27.02
1266.pdb,32.85
1267.pdb,32.51
1268.pdb,30.02
1269.pdb,33
1270.pdb,27.51
1271.pdb,29.84
1272.pdb,28.75
1273.pdb,23.79
1274.pdb,27.96
1275.pdb,30.79
1276.pdb,30.64
1277.pdb,23.06
1278.pdb,33.31
1279.pdb,32.38
1280.pdb,29.31
1281.pdb,27.22
1282.pdb,34.52
1283.pdb,29.69
1284.pdb,28.57
1285.pdb,28.53
1286.pdb,31.46
1287.pdb,32.69
1288.pdb,25.62
1289.pdb,25.19
1290.pdb,31.69
1291.pdb,29.03
1292.pdb,32.15
1293.pdb,30.26
1294.pdb,28.94
1295.pdb,24.09
1296.pdb,36.3
1297.pdb,30.65
1298.pdb,30.17
1299.pdb,33.72
1300.pdb,34.76
1301.pdb,31.89
1302.pdb,31.78
1303.pdb,28.42
1304.pdb,24.72
1305.pdb,30.56
1306.pdb,27.93
1307.pdb,30.89
1308.pdb,27.77
1309.pdb,33.2
1310.pdb,29.46
1311.pdb,29.9
1312.pdb,27.06
1313.pdb,29.63
1314.pdb,24.33
1315.pdb,27.97
1316.pdb,27.41
1317.pdb,28.12
1318.pdb,32.42
1319.pdb,30.75
1320.pdb,30.6
1321.pdb,33.99
1322.pdb,28.97
1323.pdb,27.15
1324.pdb,24.31
1325.pdb,30.44
1326.pdb,35.07
1327.pdb,28.98
1328.pdb,26.56
1329.pdb,33.01
1330.pdb,30.78
1331.pdb,30.25
1332.pdb,32.26
1333.pdb,34.03
1334.pdb,30.71
1335.pdb,33.89
1336.pdb,30.78
1337.pdb,29.97
1338.pdb,27.97
1339.pdb,31.76
1340.pdb,30.64
1341.pdb,27.78
1342.pdb,33.08
1343.pdb,25.92
1344.pdb,27.98
1345.pdb,28.73
1346.pdb,21.64
1347.pdb,33.86
1348.pdb,30.9
1349.pdb,26.92
1350.pdb,32.43
1351.pdb,25.19
1352.pdb,30.33
1353.pdb,29.32
1354.pdb,27.72
1355.pdb,27.62
1356.pdb,28.48
1357.pdb,32.42
1358.pdb,32.42
1359.pdb,32.88
1360.pdb,23.13
1361.pdb,34.49
1362.pdb,28.37
1363.pdb,35.91
1364.pdb,28.93
1365.pdb,27.87
1366.pdb,32.68
1367.pdb,27.34
1368.pdb,24.84
1369.pdb,30.84
1370.pdb,27.95
1371.pdb,29.79
1372.pdb,27.51
1373.pdb,29.2
1374.pdb,28.25
1375.pdb,28.33
1376.pdb,31.55
1377.pdb,28.14
1378.pdb,33.62
1379.pdb,27.71
1380.pdb,23.77
1381.pdb,29.5
1382.pdb,28.63
1383.pdb,26.26
1384.pdb,28.08
1385.pdb,29.9
1386.pdb,34.51
1387.pdb,29.57
1388.pdb,27.91
1389.pdb,30.25
1390.pdb,23.15
1391.pdb,28.75
1392.pdb,25.14
1393.pdb,28.8
1394.pdb,31.32
1395.pdb,29.73
1396.pdb,31.24
1397.pdb,29.7
1398.pdb,32.52
1399.pdb,29.24
1400.pdb,23.21
1401.pdb,26.95
1402.pdb,30.48
1403.pdb,28.52
1404.pdb,29.21
1405.pdb,30.8
1406.pdb,30.37
1407.pdb,30.23
1408.pdb,30.89
1409.pdb,30.87
1410.pdb,25.35
1411.pdb,30.77
1412.pdb,30.72
1413.pdb,31.41
1414.pdb,28.99
1415.pdb,29.25
1416.pdb,30.19
1417.pdb,30.96
1418.pdb,28.05
1419.pdb,30.94
1420.pdb,30.16
1421.pdb,31.39
1422.pdb,31.59
1423.pdb,29.45
1424.pdb,26.5
1425.pdb,31.36
1426.pdb,30.2
1427.pdb,31.2
1428.pdb,29.03
1429.pdb,30.18
1430.pdb,30.67
1431.pdb,31.39
1432.pdb,32.12
1433.pdb,32.37
1434.pdb,29.9
1435.pdb,31.05
1436.pdb,32.04
1437.pdb,28.45
1438.pdb,28.85
1439.pdb,30.55
1440.pdb,30.51
1441.pdb,33.38
1442.pdb,30.5
1443.pdb,31.78
1444.pdb,29.15
1445.pdb,29.62
1446.pdb,30.39
1447.pdb,22.37
1448.pdb,29.78
1449.pdb,30.55
1450.pdb,31.98
1451.pdb,28.65
1452.pdb,24.97
1453.pdb,29.41
1454.pdb,29.48
1455.pdb,31.86
1456.pdb,29.44
1457.pdb,29.65
1458.pdb,28.26
1459.pdb,30.34
1460.pdb,29.78
1461.pdb,27.53
1462.pdb,29.04
1463.pdb,31
1464.pdb,30
1465.pdb,32.9
1466.pdb,28.92
1467.pdb,29.74
1468.pdb,33.76
1469.pdb,28.85
1470.pdb,32.36
1471.pdb,26.14
1472.pdb,25.79
1473.pdb,28.32
1474.pdb,28.67
1475.pdb,28.86
1476.pdb,26.22
1477.pdb,31.67
1478.pdb,28.59
1479.pdb,31.9
1480.pdb,28.22
1481.pdb,29.94
1482.pdb,27.06
1483.pdb,30.49
1484.pdb,27.54
1485.pdb,33.11
1486.pdb,35.04
1487.pdb,28.93
1488.pdb,26.19
1489.pdb,27.56
1490.pdb,29.34
1491.pdb,33.38
1492.pdb,33.13
1493.pdb,29.85
1494.pdb,30.18
1495.pdb,27.08
1496.pdb,28.52
1497.pdb,27.57
1498.pdb,29.24
1499.pdb,29.38
1500.pdb,29.92
1501.pdb,33.96
1502.pdb,31.76
1503.pdb,34.14
1504.pdb,31.69
1505.pdb,31.08
1506.pdb,34.39
1507.pdb,29.76
1508.pdb,28.16
1509.pdb,32.19
1510.pdb,34.69
1511.pdb,26.58
1512.pdb,26.75
1513.pdb,30.25
1514.pdb,28.85
1515.pdb,29.02
1516.pdb,28.88
1517.pdb,27.56
1518.pdb,29.92
1519.pdb,26.99
1520.pdb,27.94
1521.pdb,31.47
1522.pdb,28.43
1523.pdb,22.94
1524.pdb,28.41
1525.pdb,30.96
1526.pdb,34.05
1527.pdb,29.53
1528.pdb,29.77
1529.pdb,32.26
1530.pdb,33.78
1531.pdb,30
1532.pdb,30.54
1533.pdb,31.2
1534.pdb,30.54
1535.pdb,31.7
1536.pdb,24.18
1537.pdb,30.55
1538.pdb,23.98
1539.pdb,29.44
1540.pdb,33.42
1541.pdb,31.22
1542.pdb,33.26
1543.pdb,33.42
1544.pdb,25.8
1545.pdb,34.02
1546.pdb,31.95
1547.pdb,28.86
1548.pdb,27.94
1549.pdb,32.74
1550.pdb,26.25
1551.pdb,33.35
1552.pdb,29.87
1553.pdb,29.52
1554.pdb,25.82
1555.pdb,32.13
1556.pdb,23.61
1557.pdb,33.01
1558.pdb,30.37
1559.pdb,28.9
1560.pdb,28.99
1561.pdb,29.32
1562.pdb,34.38
1563.pdb,27.28
1564.pdb,23.89
1565.pdb,32.13
1566.pdb,35.11
1567.pdb,33.59
1568.pdb,34.08
1569.pdb,22.99
1570.pdb,25.62
1571.pdb,31.17
1572.pdb,33
1573.pdb,31.08
1574.pdb,26.33
1575.pdb,25.86
1576.pdb,27.05
1577.pdb,27.77
1578.pdb,28.32
1579.pdb,30.88
1580.pdb,31
1581.pdb,31.64
1582.pdb,32.95
1583.pdb,29.24
1584.pdb,28.43
1585.pdb,24.71
1586.pdb,27.38
1587.pdb,24.25
1588.pdb,30.68
1589.pdb,25.72
1590.pdb,25.58
1591.pdb,27.43
1592.pdb,33.6
1593.pdb,28.36
1594.pdb,31.81
1595.pdb,33.74
1596.pdb,31.81
1597.pdb,32.51
1598.pdb,32.91
1599.pdb,28.25
1600.pdb,29.76
1601.pdb,32.15
1602.pdb,31.32
1603.pdb,23.69
1604.pdb,28.8
1605.pdb,27.8
1606.pdb,26.68
1607.pdb,25.55
1608.pdb,22.79
1609.pdb,33.64
1610.pdb,28.48
1611.pdb,27.28
1612.pdb,28.33
1613.pdb,33.41
1614.pdb,27.74
1615.pdb,34.2
1616.pdb,27.3
1617.pdb,23.16
1618.pdb,26.47
1619.pdb,28.42
1620.pdb,24.33
1621.pdb,31.06
1622.pdb,31.64
1623.pdb,35.24
1624.pdb,30.63
1625.pdb,33.19
1626.pdb,31.11
1627.pdb,33.56
1628.pdb,26.57
1629.pdb,28.61
1630.pdb,23.58
1631.pdb,27.17
1632.pdb,31.53
1633.pdb,35.46
1634.pdb,32.85
1635.pdb,34.53
1636.pdb,23.71
1637.pdb,25.74
1638.pdb,29.73
1639.pdb,28.67
1640.pdb,29.7
1641.pdb,25.29
1642.pdb,27.36
1643.pdb,30.1
1644.pdb,25.45
1645.pdb,28.61
1646.pdb,28.77
1647.pdb,26.34
1648.pdb,28.35
1649.pdb,31.7
1650.pdb,28.24
1651.pdb,27.8
1652.pdb,33.26
1653.pdb,23.15
1654.pdb,24.58
1655.pdb,27.69
1656.pdb,28.47
1657.pdb,28.33
1658.pdb,28.17
1659.pdb,28.69
1660.pdb,31.32
1661.pdb,24.18
1662.pdb,32.42
1663.pdb,32.89
1664.pdb,28.43
1665.pdb,31.98
1666.pdb,28.79
1667.pdb,31.33
1668.pdb,32.61
1669.pdb,32.43
1670.pdb,31.16
1671.pdb,28.67
1672.pdb,32.84
1673.pdb,30.59
1674.pdb,27.43
1675.pdb,28.52
1676.pdb,28.57
1677.pdb,28.73
1678.pdb,30.36
1679.pdb,25.48
1680.pdb,34.98
1681.pdb,30.75
1682.pdb,23.42
1683.pdb,29.31
1684.pdb,20.41
1685.pdb,28.45
1686.pdb,26.51
1687.pdb,26.13
1688.pdb,34.5
1689.pdb,30.92
1690.pdb,29.65
1691.pdb,25.48
1692.pdb,29.22
1693.pdb,34.15
1694.pdb,31.56
1695.pdb,32.52
1696.pdb,25.4
1697.pdb,29.67
1698.pdb,28.33
1699.pdb,30.2
1700.pdb,29.91
1701.pdb,27.75
1702.pdb,31.37
1703.pdb,29.74
1704.pdb,26.25
1705.pdb,30.34
1706.pdb,31.1
1707.pdb,32.83
1708.pdb,34.61
1709.pdb,33.17
1710.pdb,34.46
1711.pdb,33.01
1712.pdb,27.37
1713.pdb,31.95
1714.pdb,29.82
1715.pdb,28.21
1716.pdb,33.5
1717.pdb,28.68
1718.pdb,29.9
1719.pdb,30.17
1720.pdb,27.53
1721.pdb,28.84
1722.pdb,30.87
1723.pdb,29.78
1724.pdb,31.06
1725.pdb,26.79
1726.pdb,28.32
1727.pdb,28.31
1728.pdb,32.59
1729.pdb,29.83
1730.pdb,26.2
1731.pdb,27.58
1732.pdb,34.05
1733.pdb,33.15
1734.pdb,24.72
1735.pdb,30.46
1736.pdb,34.54
1737.pdb,24.8
1738.pdb,33.4
1739.pdb,28.17
1740.pdb,30.59
1741.pdb,27.6
1742.pdb,29.85
1743.pdb,25.48
1744.pdb,30.67
1745.pdb,30.12
1746.pdb,32.32
1747.pdb,28.31
1748.pdb,28.17
1749.pdb,29.96
1750.pdb,29.5
1751.pdb,32.45
1752.pdb,26.75
1753.pdb,26.82
1754.pdb,23.26
1755.pdb,36.11
1756.pdb,28.82
1757.pdb,29.36
1758.pdb,28.8
1759.pdb,33.56
1760.pdb,29.9
1761.pdb,28.04
1762.pdb,33.7
1763.pdb,34.47
1764.pdb,26.38
1765.pdb,29.52
1766.pdb,28.49
1767.pdb,30.23
1768.pdb,27.23
1769.pdb,33.92
1770.pdb,28.36
1771.pdb,31.79
1772.pdb,29.21
1773.pdb,29.15
1774.pdb,29.19
1775.pdb,31.51
1776.pdb,31.97
1777.pdb,29.54
1778.pdb,34.08
1779.pdb,22.64
1780.pdb,29.91
1781.pdb,33.63
1782.pdb,25.06
1783.pdb,33.09
1784.pdb,34.28
1785.pdb,32.33
1786.pdb,28.85
1787.pdb,25.91
1788.pdb,27.94
1789.pdb,28.69
1790.pdb,27.58
1791.pdb,26.84
1792.pdb,33.07
1793.pdb,29.11
1794.pdb,29.21
1795.pdb,22.35
1796.pdb,28.14
1797.pdb,25.98
1798.pdb,30.4
1799.pdb,31.93
1800.pdb,35.42
1801.pdb,28.9
1802.pdb,27.46
1803.pdb,28.57
1804.pdb,29.49
1805.pdb,26.7
1806.pdb,33.66
1807.pdb,26.94
1808.pdb,33.91
1809.pdb,31.55
1810.pdb,29.31
1811.pdb,28.67
1812.pdb,29.12
1813.pdb,29.13
1814.pdb,26.86
1815.pdb,34.23
1816.pdb,31.73
1817.pdb,27.71
1818.pdb,27.49
1819.pdb,32.91
1820.pdb,26.16
1821.pdb,27.62
1822.pdb,28.76
1823.pdb,27.85
1824.pdb,28.2
1825.pdb,27.69
1826.pdb,26.27
1827.pdb,25.89
1828.pdb,34.71
1829.pdb,28.15
1830.pdb,28.06
1831.pdb,28.93
1832.pdb,23.61
1833.pdb,33.18
1834.pdb,30.22
1835.pdb,30.38
1836.pdb,32.7
1837.pdb,27.47
1838.pdb,28.2
1839.pdb,33.61
1840.pdb,31.19
1841.pdb,28.56
1842.pdb,29.98
1843.pdb,32.52
1844.pdb,30.13
1845.pdb,30.32
1846.pdb,25.52
1847.pdb,30.05
1848.pdb,31.94
1849.pdb,32.1
1850.pdb,24.46
1851.pdb,27.67
1852.pdb,28.8
1853.pdb,30.26
1854.pdb,30.08
1855.pdb,28.67
1856.pdb,28.96
1857.pdb,28.92
1858.pdb,28.9
1859.pdb,33.75
1860.pdb,31.75
1861.pdb,26.82
1862.pdb,29.33
1863.pdb,31.81
1864.pdb,28.74
1865.pdb,29.94
1866.pdb,35.32
1867.pdb,27.9
1868.pdb,28.28
1869.pdb,20.4
1870.pdb,30.18
1871.pdb,29.29
1872.pdb,29.91
1873.pdb,29.65
1874.pdb,30.29
1875.pdb,23.3
1876.pdb,29.4
1877.pdb,23.94
1878.pdb,29.06
1879.pdb,27.57
1880.pdb,28.98
1881.pdb,29.57
1882.pdb,29.76
1883.pdb,22.98
1884.pdb,25.86
1885.pdb,28.13
1886.pdb,28.5
1887.pdb,29.13
1888.pdb,22.82
1889.pdb,29.74
1890.pdb,30.81
1891.pdb,29.5
1892.pdb,31.52
1893.pdb,28.05
1894.pdb,29.84
1895.pdb,31.88
1896.pdb,22.86
1897.pdb,29.39
1898.pdb,29.51
1899.pdb,30.18
1900.pdb,29.64
1901.pdb,31.07
1902.pdb,27.16
1903.pdb,27.1
1904.pdb,31.36
1905.pdb,29.8
1906.pdb,36.23
1907.pdb,31.45
1908.pdb,35.66
1909.pdb,29.6
1910.pdb,27.86
1911.pdb,35.85
1912.pdb,30.87
1913.pdb,28.38
1914.pdb,23.47
1915.pdb,28.58
1916.pdb,28.22
1917.pdb,29.35
1918.pdb,23.93
1919.pdb,34.44
1920.pdb,29.5
1921.pdb,31.9
1922.pdb,29.03
1923.pdb,32.21
1924.pdb,23.95
1925.pdb,27.15
1926.pdb,24.52
1927.pdb,31.1
1928.pdb,30.94
1929.pdb,36.25
1930.pdb,34.44
1931.pdb,29.61
1932.pdb,30.35
1933.pdb,28.58
1934.pdb,24.69
1935.pdb,23.79
1936.pdb,23.98
1937.pdb,31.18
1938.pdb,28.14
1939.pdb,30.14
1940.pdb,29.74
1941.pdb,28.47
1942.pdb,28.02
1943.pdb,31.28
1944.pdb,28
1945.pdb,26.79
1946.pdb,32.05
1947.pdb,31.94
1948.pdb,29
1949.pdb,32.14
1950.pdb,29.18
1951.pdb,30.59
1952.pdb,30.12
1953.pdb,29.82
1954.pdb,29.89
1955.pdb,32.8
1956.pdb,31.63
1957.pdb,29.68
1958.pdb,28.55
1959.pdb,35.86
1960.pdb,24.44
1961.pdb,29.68
1962.pdb,28.26
1963.pdb,31.57
1964.pdb,28.38
1965.pdb,30.29
1966.pdb,22.15
1967.pdb,28.94
1968.pdb,29.19
1969.pdb,25.23
1970.pdb,30.74
1971.pdb,28.13
1972.pdb,31.89
1973.pdb,27.18
1974.pdb,29.52
1975.pdb,30.65
1976.pdb,29.83
1977.pdb,23.58
1978.pdb,28.21
1979.pdb,27.85
1980.pdb,29.57
1981.pdb,23.72
1982.pdb,26.15
1983.pdb,26.78
1984.pdb,28.25
1985.pdb,28.26
1986.pdb,28.04
1987.pdb,28.56
1988.pdb,27.33
1989.pdb,28.06
1990.pdb,30.41
1991.pdb,27.77
1992.pdb,30.75
1993.pdb,29.86
1994.pdb,28.94
1995.pdb,28.78
1996.pdb,30.77
1997.pdb,24.28
1998.pdb,31.13
1999.pdb,29.35
2000.pdb,28.14
2001.pdb,21.95
2002.pdb,27.28
2003.pdb,29.66
2004.pdb,26.59
2005.pdb,27.2
2006.pdb,27.24
2007.pdb,29.37
2008.pdb,27.99
2009.pdb,30.73
2010.pdb,23.86
2011.pdb,29.67
2012.pdb,23.97
2013.pdb,28.73
2014.pdb,31.95
2015.pdb,27.29
2016.pdb,30.35
2017.pdb,28.14
2018.pdb,32.38
2019.pdb,27.82
2020.pdb,27.75
2021.pdb,28.33
2022.pdb,27.86
2023.pdb,29.18
2024.pdb,24.62
2025.pdb,31.74
2026.pdb,30.29
2027.pdb,29.12
2028.pdb,26.67
2029.pdb,30.39
2030.pdb,28.3
2031.pdb,34.92
2032.pdb,25.39
2033.pdb,29.37
2034.pdb,29.76
2035.pdb,30.18
2036.pdb,29.34
2037.pdb,32.33
2038.pdb,26.65
2039.pdb,28.85
2040.pdb,31.06
2041.pdb,27.17
2042.pdb,31.88
2043.pdb,30.19
2044.pdb,27.27
2045.pdb,29.73
2046.pdb,22.39
2047.pdb,26.67
2048.pdb,29.58
2049.pdb,29
2050.pdb,22.95
2051.pdb,28.41
2052.pdb,30.44
2053.pdb,22.01
2054.pdb,23.7
2055.pdb,27.39
2056.pdb,29.17
2057.pdb,28.02
2058.pdb,34.14
2059.pdb,32.27
2060.pdb,34.78
2061.pdb,32.06
2062.pdb,28.75
2063.pdb,23.14
2064.pdb,31.18
2065.pdb,29.09
2066.pdb,31.85
2067.pdb,28.33
2068.pdb,26.02
2069.pdb,28.27
2070.pdb,27.51
2071.pdb,29.81
2072.pdb,28.47
2073.pdb,33.47
2074.pdb,31.48
2075.pdb,33.58
2076.pdb,29.49
2077.pdb,34.41
2078.pdb,27.66
2079.pdb,29.94
2080.pdb,26.69
2081.pdb,31.17
2082.pdb,29.9
2083.pdb,28.63
2084.pdb,29.36
2085.pdb,27.68
2086.pdb,28.08
2087.pdb,27.78
2088.pdb,30.25
2089.pdb,23.94
2090.pdb,26.58
2091.pdb,32.49
2092.pdb,33.78
2093.pdb,31.19
2094.pdb,28.37
2095.pdb,30.1
2096.pdb,27.13
2097.pdb,28.21
2098.pdb,31.52
2099.pdb,29.07
2100.pdb,27.04
2101.pdb,23.38
2102.pdb,32.68
2103.pdb,29.99
2104.pdb,26.05
2105.pdb,30.93
2106.pdb,34.74
2107.pdb,23.28
2108.pdb,30.17
2109.pdb,33.01
2110.pdb,30.67
2111.pdb,31.99
2112.pdb,29.57
2113.pdb,30.52
2114.pdb,24.56
2115.pdb,33.28
2116.pdb,31.25
2117.pdb,30.07
2118.pdb,30.1
2119.pdb,30.09
2120.pdb,20.96
2121.pdb,33.51
2122.pdb,26.38
2123.pdb,33.1
2124.pdb,27.48
2125.pdb,28.56
2126.pdb,32.8
2127.pdb,28.2
2128.pdb,29.05
2129.pdb,25.49
2130.pdb,28.66
2131.pdb,26.13
2132.pdb,31.39
2133.pdb,28.15
2134.pdb,28.81
2135.pdb,25.8
2136.pdb,26.54
2137.pdb,29.62
2138.pdb,24.75
2139.pdb,29.16
2140.pdb,26.91
2141.pdb,32.7
2142.pdb,27.97
2143.pdb,31.22
2144.pdb,30.13
2145.pdb,28.75
2146.pdb,27.72
2147.pdb,28.86
2148.pdb,25.69
2149.pdb,23.38
2150.pdb,25.95
2151.pdb,29.32
2152.pdb,34.34
2153.pdb,30.37
2154.pdb,26.7
2155.pdb,30.02
2156.pdb,26.6
2157.pdb,28.1
2158.pdb,27.91
2159.pdb,30.66
2160.pdb,29.73
2161.pdb,25.36
2162.pdb,33.67
2163.pdb,24.87
2164.pdb,32.65
2165.pdb,28.35
2166.pdb,28.98
2167.pdb,29.45
2168.pdb,29.75
2169.pdb,30.65
2170.pdb,26.92
2171.pdb,27.74
2172.pdb,28.54
2173.pdb,28.63
2174.pdb,24.2
2175.pdb,32.28
2176.pdb,29.71
2177.pdb,25.1
2178.pdb,25.37
2179.pdb,29.54
2180.pdb,26.87
2181.pdb,29.74
2182.pdb,30.24
2183.pdb,30.83
2184.pdb,27.63
2185.pdb,26.99
2186.pdb,24.59
2187.pdb,30.3
2188.pdb,28.34
2189.pdb,32.55
2190.pdb,30.07
2191.pdb,28.62
2192.pdb,28.99
2193.pdb,27.14
2194.pdb,33.57
2195.pdb,33.25
2196.pdb,24.49
2197.pdb,26.56
2198.pdb,28.04
2199.pdb,25.66
2200.pdb,34.57
2201.pdb,29.44
2202.pdb,23.76
2203.pdb,29.38
2204.pdb,24.72
2205.pdb,32.12
2206.pdb,29.7
2207.pdb,27.03
2208.pdb,27.51
2209.pdb,34.17
2210.pdb,26.9
2211.pdb,28.16
2212.pdb,30.65
2213.pdb,33.78
2214.pdb,30.17
2215.pdb,27.58
2216.pdb,29.43
2217.pdb,27.18
2218.pdb,28.06
2219.pdb,33.37
2220.pdb,34.17
2221.pdb,25.89
2222.pdb,31.98
2223.pdb,29.54
2224.pdb,29.62
2225.pdb,32.79
2226.pdb,29.35
2227.pdb,29.88
2228.pdb,29
2229.pdb,29.65
2230.pdb,35.24
2231.pdb,27.8
2232.pdb,33.2
2233.pdb,29.6
2234.pdb,28.71
2235.pdb,28.69
2236.pdb,33.97
2237.pdb,25.59
2238.pdb,29.49
2239.pdb,28.71
2240.pdb,33.22
2241.pdb,25.49
2242.pdb,29.23
2243.pdb,28.5
2244.pdb,24.71
2245.pdb,35.89
2246.pdb,24.62
2247.pdb,28.79
2248.pdb,26.43
2249.pdb,30.68
2250.pdb,28.94
2251.pdb,31.59
2252.pdb,27.13
2253.pdb,24.9
2254.pdb,33.73
2255.pdb,28.78
2256.pdb,27.08
2257.pdb,30.8
2258.pdb,32.79
2259.pdb,28.93
2260.pdb,24.68
2261.pdb,29.07
2262.pdb,32.19
2263.pdb,33.15
2264.pdb,31.85
2265.pdb,33.45
2266.pdb,31.95
2267.pdb,27.61
2268.pdb,24.95
2269.pdb,28.94
2270.pdb,29.39
2271.pdb,29.59
2272.pdb,25.51
2273.pdb,31.33
2274.pdb,25.45
2275.pdb,27.49
2276.pdb,28.11
2277.pdb,28.21
2278.pdb,29.7
2279.pdb,31.44
2280.pdb,26.75
2281.pdb,30.5
2282.pdb,28.64
2283.pdb,28.08
2284.pdb,29.23
2285.pdb,33.23
2286.pdb,26.86
2287.pdb,31.77
2288.pdb,29.1
2289.pdb,29.74
2290.pdb,30.57
2291.pdb,27.75
2292.pdb,28.11
2293.pdb,29.92
2294.pdb,29.74
2295.pdb,28.96
2296.pdb,32.18
2297.pdb,26.56
2298.pdb,24.82
2299.pdb,28.75
2300.pdb,31.44
2301.pdb,28.13
2302.pdb,28.82
2303.pdb,32.68
2304.pdb,34.1
2305.pdb,35.73
2306.pdb,28.77
2307.pdb,32.94
2308.pdb,28.78
2309.pdb,29.39
2310.pdb,26.1
2311.pdb,29.14
2312.pdb,31.48
2313.pdb,30.02
2314.pdb,28.86
2315.pdb,30.88
2316.pdb,25.02
2317.pdb,27.92
2318.pdb,30.88
2319.pdb,27.02
2320.pdb,26.76
2321.pdb,29.81
2322.pdb,26.79
2323.pdb,33.15
2324.pdb,31.64
2325.pdb,34.69
2326.pdb,27.47
2327.pdb,25.14
2328.pdb,32.95
2329.pdb,33.54
2330.pdb,30.02
2331.pdb,28.62
2332.pdb,32.16
2333.pdb,31.57
2334.pdb,27.25
2335.pdb,28.85
2336.pdb,29.3
2337.pdb,26.81
2338.pdb,28.38
2339.pdb,34.92
2340.pdb,22.95
2341.pdb,29.61
2342.pdb,30.51
2343.pdb,27.33
2344.pdb,31.72
2345.pdb,31.86
2346.pdb,31.4
2347.pdb,29.05
2348.pdb,28.31
2349.pdb,29.88
2350.pdb,27.54
2351.pdb,35.14
2352.pdb,31.78
2353.pdb,31.71
2354.pdb,29.99
2355.pdb,28.36
2356.pdb,31.42
2357.pdb,23.53
2358.pdb,32.16
2359.pdb,30.46
2360.pdb,29.01
2361.pdb,28.74
2362.pdb,28.79
2363.pdb,29.17
2364.pdb,34.93
2365.pdb,25.71
2366.pdb,31.64
2367.pdb,30.52
2368.pdb,29.53
2369.pdb,24.1
2370.pdb,33.7
2371.pdb,30.05
2372.pdb,28.89
2373.pdb,31.83
2374.pdb,33.92
2375.pdb,29.1
2376.pdb,27.8
2377.pdb,33.03
2378.pdb,34.79
2379.pdb,29.7
2380.pdb,34.77
2381.pdb,27.66
2382.pdb,32.44
2383.pdb,30.77
2384.pdb,33.75
2385.pdb,34.22
2386.pdb,28.44
2387.pdb,28.69
2388.pdb,31.02
2389.pdb,26.3
2390.pdb,28.19
2391.pdb,29.06
2392.pdb,32.62
2393.pdb,32.86
2394.pdb,27.26
2395.pdb,26.32
2396.pdb,23.5
2397.pdb,28.91
2398.pdb,28.39
2399.pdb,28.02
2400.pdb,26.86
2401.pdb,27.29
2402.pdb,29.27
2403.pdb,31.94
2404.pdb,28.97
2405.pdb,29.52
2406.pdb,24.93
2407.pdb,28.65
2408.pdb,27.94
2409.pdb,34.91
2410.pdb,28.88
2411.pdb,28.48
2412.pdb,32.76
2413.pdb,28.85
2414.pdb,23.93
2415.pdb,28.85
2416.pdb,29.86
2417.pdb,26.9
2418.pdb,32.9
2419.pdb,22.59
2420.pdb,30.08
2421.pdb,21.48
2422.pdb,29.88
2423.pdb,28.3
2424.pdb,26.65
2425.pdb,28.97
2426.pdb,27.53
2427.pdb,24.75
2428.pdb,29.8
2429.pdb,29.38
2430.pdb,26.76
2431.pdb,34.62
2432.pdb,31.96
2433.pdb,25.87
2434.pdb,34.02
2435.pdb,29.61
2436.pdb,35.79
2437.pdb,31.12
2438.pdb,26.99
2439.pdb,25.59
2440.pdb,25.97
2441.pdb,34.79
2442.pdb,32.1
2443.pdb,33.91
2444.pdb,24.26
2445.pdb,27.95
2446.pdb,26.43
2447.pdb,30.95
2448.pdb,30.22
2449.pdb,29.54
2450.pdb,29.93
2451.pdb,29.3
2452.pdb,30.08
2453.pdb,28.63
2454.pdb,28.14
2455.pdb,28.56
2456.pdb,27.21
2457.pdb,33.54
2458.pdb,23.54
2459.pdb,27.43
2460.pdb,29.6
2461.pdb,29.1
2462.pdb,29.02
2463.pdb,25.34
2464.pdb,29.8
2465.pdb,28.65
2466.pdb,32.03
2467.pdb,29.25
2468.pdb,25.18
2469.pdb,29.81
2470.pdb,24.74
2471.pdb,31.02
2472.pdb,26.52
2473.pdb,28.89
2474.pdb,31.63
2475.pdb,26.06
2476.pdb,27.36
2477.pdb,29.66
2478.pdb,32.85
2479.pdb,26.61
2480.pdb,27.76
2481.pdb,29.94
2482.pdb,24.5
2483.pdb,29.94
2484.pdb,28.18
2485.pdb,30.5
2486.pdb,27.18
2487.pdb,30.05
2488.pdb,33.25
2489.pdb,30.05
2490.pdb,25.4
2491.pdb,31.38
2492.pdb,25.99
2493.pdb,30.65
2494.pdb,29.45
2495.pdb,33.11
2496.pdb,25.57
2497.pdb,25.85
2498.pdb,28.14
2499.pdb,32.2
2500.pdb,33
2501.pdb,28.6
2502.pdb,23.81
2503.pdb,28.48
2504.pdb,25.19
2505.pdb,26.16
2506.pdb,28.89
2507.pdb,28.34
2508.pdb,23.48
2509.pdb,27.83
2510.pdb,26.55
2511.pdb,30.99
2512.pdb,31.3
2513.pdb,24.37
2514.pdb,27.46
2515.pdb,27.33
2516.pdb,27.57
2517.pdb,28.81
2518.pdb,35.02
2519.pdb,25.44
2520.pdb,29.43
2521.pdb,32.5
2522.pdb,30.23
2523.pdb,26.95
2524.pdb,30.71
2525.pdb,28.9
2526.pdb,35.54
2527.pdb,29.77
2528.pdb,32.31
2529.pdb,28.66
2530.pdb,29.08
2531.pdb,28.67
2532.pdb,29.44
2533.pdb,27.31
2534.pdb,32.49
2535.pdb,29.75
2536.pdb,29.23
2537.pdb,34.58
2538.pdb,27.77
2539.pdb,30.39
2540.pdb,25.09
2541.pdb,28.32
2542.pdb,27.55
2543.pdb,31.32
2544.pdb,31.41
2545.pdb,33.58
2546.pdb,31.07
2547.pdb,27.89
2548.pdb,28.45
2549.pdb,24.85
2550.pdb,27.82
2551.pdb,33.36
2552.pdb,33.28
2553.pdb,35.01
2554.pdb,32.66
2555.pdb,28.47
2556.pdb,35.43
2557.pdb,28.19
2558.pdb,30.67
2559.pdb,30.66
2560.pdb,28.55
2561.pdb,26.58
2562.pdb,29.45
2563.pdb,33.32
2564.pdb,32.7
2565.pdb,29.85
2566.pdb,31.88
2567.pdb,28.21
2568.pdb,32.68
2569.pdb,30.35
2570.pdb,31.33
2571.pdb,35.33
2572.pdb,29.36
2573.pdb,23.79
2574.pdb,35.2
2575.pdb,27.07
2576.pdb,26.75
2577.pdb,31.28
2578.pdb,27.75
2579.pdb,35.45
2580.pdb,34.31
2581.pdb,20.79
2582.pdb,32.58
2583.pdb,31.08
2584.pdb,35.94
2585.pdb,26.84
2586.pdb,29.07
2587.pdb,30.27
2588.pdb,24.67
2589.pdb,35.13
2590.pdb,34.61
2591.pdb,29.93
2592.pdb,34.39
2593.pdb,29.4
2594.pdb,23.37
2595.pdb,33.98
2596.pdb,35.69
2597.pdb,34.19
2598.pdb,23.08
2599.pdb,28.13
2600.pdb,27.02
2601.pdb,24.73
2602.pdb,28.91
2603.pdb,29
2604.pdb,22.64
2605.pdb,29.87
2606.pdb,33.88
2607.pdb,25.77
2608.pdb,28.95
2609.pdb,27.39
2610.pdb,28.13
2611.pdb,29.16
2612.pdb,28.86
2613.pdb,28.94
2614.pdb,27.09
2615.pdb,27.55
2616.pdb,27.29
2617.pdb,31.29
2618.pdb,28.77
2619.pdb,33.73
2620.pdb,29.19
2621.pdb,33.17
2622.pdb,28.56
2623.pdb,33.84
2624.pdb,27.67
2625.pdb,32.92
2626.pdb,24.77
2627.pdb,31.97
2628.pdb,28.73
2629.pdb,28.27
2630.pdb,26.93
2631.pdb,27.8
2632.pdb,31.76
2633.pdb,29.2
2634.pdb,33.68
2635.pdb,34.47
2636.pdb,33.78
2637.pdb,34.11
2638.pdb,32.4
2639.pdb,27.25
2640.pdb,33.08
2641.pdb,30.19
2642.pdb,28.53
2643.pdb,22.94
2644.pdb,36.85
2645.pdb,34.43
2646.pdb,30.46
2647.pdb,25.8
2648.pdb,29.62
2649.pdb,24.52
2650.pdb,26.54
2651.pdb,27.83
2652.pdb,33.04
2653.pdb,31.55
2654.pdb,28.46
2655.pdb,25.93
2656.pdb,27.8
2657.pdb,29.43
2658.pdb,31.41
2659.pdb,32.81
2660.pdb,25.14
2661.pdb,25.59
2662.pdb,30.22
2663.pdb,29.54
2664.pdb,28.52
2665.pdb,29.93
2666.pdb,30.36
2667.pdb,29.42
2668.pdb,26.46
2669.pdb,22.9
2670.pdb,32.04
2671.pdb,26.56
2672.pdb,27.16
2673.pdb,31.61
2674.pdb,29.73
2675.pdb,34.52
2676.pdb,25.78
2677.pdb,31.05
2678.pdb,26.75
2679.pdb,24.45
2680.pdb,28.83
2681.pdb,26.78
2682.pdb,27.15
2683.pdb,27.38
2684.pdb,29.23
2685.pdb,27.92
2686.pdb,29.97
2687.pdb,29.65
2688.pdb,33.69
2689.pdb,30.03
2690.pdb,28.07
2691.pdb,27.05
2692.pdb,27.83
2693.pdb,28.34
2694.pdb,34.44
2695.pdb,29.48
2696.pdb,25.18
2697.pdb,28.63
2698.pdb,26.53
2699.pdb,31.88
2700.pdb,29.55
2701.pdb,28.55
2702.pdb,30.49
2703.pdb,29.54
2704.pdb,30.21
2705.pdb,35.29
2706.pdb,30.4
2707.pdb,31.1
2708.pdb,33.01
2709.pdb,30.42
2710.pdb,34.43
2711.pdb,31.18
2712.pdb,29.61
2713.pdb,30.48
2714.pdb,28.72
2715.pdb,33.9
2716.pdb,30.68
2717.pdb,31.78
2718.pdb,24.03
2719.pdb,27.97
2720.pdb,32.26
2721.pdb,27.55
2722.pdb,26.73
2723.pdb,25.75
2724.pdb,31.89
2725.pdb,32.52
2726.pdb,27.87
2727.pdb,29.12
2728.pdb,32.94
2729.pdb,28.88
2730.pdb,29.26
2731.pdb,27.21
2732.pdb,28.44
2733.pdb,27.33
2734.pdb,25.5
2735.pdb,31.17
2736.pdb,27.6
2737.pdb,30.02
2738.pdb,31.6
2739.pdb,29.46
2740.pdb,30.09
2741.pdb,28.9
2742.pdb,33.56
2743.pdb,31.24
2744.pdb,27.33
2745.pdb,32.21
2746.pdb,24.43
2747.pdb,30.91
2748.pdb,27.46
2749.pdb,26.35
2750.pdb,30.59
2751.pdb,29.01
2752.pdb,33.22
2753.pdb,33.97
2754.pdb,34.6
2755.pdb,33.77
2756.pdb,28.49
2757.pdb,31.9
2758.pdb,29.84
2759.pdb,29.04
2760.pdb,30.14
2761.pdb,28.46
2762.pdb,29.8
2763.pdb,30.15
2764.pdb,32.58
2765.pdb,31.08
2766.pdb,29.05
2767.pdb,27.94
2768.pdb,24.47
2769.pdb,27.96
2770.pdb,28.92
2771.pdb,33.98
2772.pdb,25.88
2773.pdb,26.75
2774.pdb,26.6
2775.pdb,29.66
2776.pdb,29.66
2777.pdb,30.74
2778.pdb,33.84
2779.pdb,27.85
2780.pdb,31.31
2781.pdb,27.96
2782.pdb,27.84
2783.pdb,30.46
2784.pdb,29.22
2785.pdb,28.03
2786.pdb,27.46
2787.pdb,30.44
2788.pdb,30.66
2789.pdb,32.95
2790.pdb,24.2
2791.pdb,28.31
2792.pdb,33.49
2793.pdb,29.45
2794.pdb,29.6
2795.pdb,29.77
2796.pdb,23.6
2797.pdb,26.63
2798.pdb,29.37
2799.pdb,31.34
2800.pdb,29.46
2801.pdb,32.11
2802.pdb,23.74
2803.pdb,29.15
2804.pdb,30.24
2805.pdb,30.37
2806.pdb,29.93
2807.pdb,31.65
2808.pdb,33.57
2809.pdb,32.78
2810.pdb,34.35
2811.pdb,26.52
2812.pdb,28.63
2813.pdb,30.95
2814.pdb,26.38
2815.pdb,29.09
2816.pdb,30.14
2817.pdb,33.73
2818.pdb,33.91
2819.pdb,24.58
2820.pdb,23.51
2821.pdb,31.96
2822.pdb,24.66
2823.pdb,28.72
2824.pdb,33.34
2825.pdb,28.7
2826.pdb,29.74
2827.pdb,30.02
2828.pdb,28.32
2829.pdb,30.67
2830.pdb,23.24
2831.pdb,24.11
2832.pdb,28.83
2833.pdb,28.56
2834.pdb,27.14
2835.pdb,33.29
2836.pdb,24.45
2837.pdb,28.19
2838.pdb,35.45
2839.pdb,28.58
2840.pdb,25.78
2841.pdb,29.34
2842.pdb,28.19
2843.pdb,26.5
2844.pdb,33.03
2845.pdb,25.41
2846.pdb,28.04
2847.pdb,30.94
2848.pdb,24.64
2849.pdb,24.84
2850.pdb,30.78
2851.pdb,31.48
2852.pdb,32.1
2853.pdb,29.34
2854.pdb,29.4
2855.pdb,29.14
2856.pdb,29.29
2857.pdb,28.59
2858.pdb,30.02
2859.pdb,27.48
2860.pdb,26.94
2861.pdb,29.48
2862.pdb,30.17
2863.pdb,29.45
2864.pdb,27.22
2865.pdb,29.53
2866.pdb,27.37
2867.pdb,28.54
2868.pdb,29.58
2869.pdb,30.31
2870.pdb,26.34
2871.pdb,31.22
2872.pdb,29.67
2873.pdb,27.28
2874.pdb,29.01
2875.pdb,28.03
2876.pdb,27.19
2877.pdb,29.18
2878.pdb,28.72
2879.pdb,31.58
2880.pdb,29.38
2881.pdb,28.51
2882.pdb,31.43
2883.pdb,29.02
2884.pdb,30.12
2885.pdb,29.39
2886.pdb,30.92
2887.pdb,30.07
2888.pdb,30.46
2889.pdb,29.1
2890.pdb,27.73
2891.pdb,28.32
2892.pdb,28.85
2893.pdb,28.31
2894.pdb,28.02
2895.pdb,32.67
2896.pdb,29.35
2897.pdb,29.92
2898.pdb,29.37
2899.pdb,29.31
2900.pdb,26.19
2901.pdb,29.75
2902.pdb,30.65
2903.pdb,27.49
2904.pdb,23.88
2905.pdb,29.91
2906.pdb,26.58
2907.pdb,27.16
2908.pdb,29.53
2909.pdb,28.93
2910.pdb,28.35
2911.pdb,28.93
2912.pdb,28.28
2913.pdb,28.41
2914.pdb,29.18
2915.pdb,29.94
2916.pdb,27.89
2917.pdb,27.82
2918.pdb,29.13
2919.pdb,29.89
2920.pdb,29.63
2921.pdb,30.16
2922.pdb,29.09
2923.pdb,26.96
2924.pdb,28.86
2925.pdb,28.91
2926.pdb,28.28
2927.pdb,27.11
2928.pdb,29.28
2929.pdb,29.07
2930.pdb,29.25
2931.pdb,28.78
2932.pdb,23.68
2933.pdb,24.96
2934.pdb,29.12
2935.pdb,27.59
2936.pdb,31.14
2937.pdb,27.92
2938.pdb,29.03
2939.pdb,29.63
2940.pdb,29.5
2941.pdb,29.59
2942.pdb,28.92
2943.pdb,30.26
2944.pdb,29.32
2945.pdb,30.85
2946.pdb,26.91
2947.pdb,24.02
2948.pdb,23.66
2949.pdb,27.66
2950.pdb,29.19
2951.pdb,26.94
2952.pdb,26.7
2953.pdb,28.35
2954.pdb,29.56
2955.pdb,26.52
2956.pdb,29.37
2957.pdb,30.4
2958.pdb,30.61
2959.pdb,28.94
2960.pdb,29.55
2961.pdb,30.79
2962.pdb,29.97
2963.pdb,30.24
2964.pdb,29.03
2965.pdb,29.16
2966.pdb,28.5
2967.pdb,30.46
2968.pdb,30.47
2969.pdb,29.31
2970.pdb,29.24
2971.pdb,28.85
2972.pdb,30.04
2973.pdb,31.78
2974.pdb,30.04
2975.pdb,30.29
2976.pdb,28.66
2977.pdb,30.83
2978.pdb,30.74
2979.pdb,29.81
2980.pdb,26.89
2981.pdb,30.51
2982.pdb,30.85
2983.pdb,28.93
2984.pdb,29.98
2985.pdb,26.8
2986.pdb,29.35
2987.pdb,28.96
2988.pdb,30.12
2989.pdb,34.87
2990.pdb,28.05
2991.pdb,29.38
2992.pdb,22.44
2993.pdb,29.01
2994.pdb,34.12
2995.pdb,29.43
2996.pdb,29.1
2997.pdb,29.91
2998.pdb,30.32
2999.pdb,28.61
3000.pdb,30.16
3001.pdb,25.33
3002.pdb,31.14
3003.pdb,29.29
3004.pdb,29.3
3005.pdb,29.95
3006.pdb,33.04
3007.pdb,29.22
3008.pdb,31.34
3009.pdb,29.02
3010.pdb,29.12
3011.pdb,29.08
3012.pdb,29.96
3013.pdb,26.36
3014.pdb,30.15
3015.pdb,22.92
3016.pdb,25.41
3017.pdb,23.05
3018.pdb,29.01
3019.pdb,31
3020.pdb,29.95
3021.pdb,29.05
3022.pdb,23.62
3023.pdb,30.85
3024.pdb,29.75
3025.pdb,30.78
3026.pdb,29.68
3027.pdb,31.28
3028.pdb,29.06
3029.pdb,23.42
3030.pdb,29.27
3031.pdb,18.27
3032.pdb,31.29
3033.pdb,29.11
3034.pdb,27.89
3035.pdb,25.01
3036.pdb,25.34
3037.pdb,25.16
3038.pdb,32.54
3039.pdb,28.89
3040.pdb,28.2
3041.pdb,29.64
3042.pdb,24.43
3043.pdb,29.43
3044.pdb,30.45
3045.pdb,26.75
3046.pdb,29.71
3047.pdb,23.66
3048.pdb,30.39
3049.pdb,29.15
3050.pdb,31.17
3051.pdb,28.08
3052.pdb,27.82
3053.pdb,28.21
3054.pdb,28.58
3055.pdb,30.01
3056.pdb,25.82
3057.pdb,27.78
3058.pdb,26.88
3059.pdb,29.07
3060.pdb,29.2
3061.pdb,28.46
3062.pdb,28.79
3063.pdb,28.45
3064.pdb,22.08
3065.pdb,26.9
3066.pdb,28.42
3067.pdb,29.98
3068.pdb,32.42
3069.pdb,28.7
3070.pdb,30.06
3071.pdb,28.83
3072.pdb,32.05
3073.pdb,28.84
3074.pdb,31.3
3075.pdb,31.3
3076.pdb,23.77
3077.pdb,29.69
3078.pdb,29.5
3079.pdb,29.6
3080.pdb,29.46
3081.pdb,28.61
3082.pdb,28.57
3083.pdb,29.95
3084.pdb,27.48
3085.pdb,32.43
3086.pdb,28.02
3087.pdb,30.12
3088.pdb,28.86
3089.pdb,25.74
3090.pdb,24.08
3091.pdb,23.83
3092.pdb,30.98
3093.pdb,23.09
3094.pdb,29.54
3095.pdb,30.12
3096.pdb,31.76
3097.pdb,28.79
3098.pdb,28.9
3099.pdb,29.2
3100.pdb,28.89
3101.pdb,30.13
3102.pdb,31.4
3103.pdb,33.59
3104.pdb,29.52
3105.pdb,30.46
3106.pdb,29.85
3107.pdb,29
3108.pdb,29.9
3109.pdb,23.89
3110.pdb,28.59
3111.pdb,28.11
3112.pdb,22.89
3113.pdb,29
3114.pdb,29.72
3115.pdb,27.46
3116.pdb,30.3
3117.pdb,29.77
3118.pdb,29.16
3119.pdb,30.66
3120.pdb,30.5
3121.pdb,29.04
3122.pdb,22.86
3123.pdb,25.68
3124.pdb,29.8
3125.pdb,29.98
3126.pdb,28.79
3127.pdb,25.09
3128.pdb,26.91
3129.pdb,27.11
3130.pdb,27.88
3131.pdb,29.89
3132.pdb,29.34
3133.pdb,30.38
3134.pdb,31.46
3135.pdb,23.51
3136.pdb,22.17
3137.pdb,30.05
3138.pdb,30.91
3139.pdb,29.96
3140.pdb,27.82
3141.pdb,26.33
3142.pdb,24.62
3143.pdb,28.12
3144.pdb,31.64
3145.pdb,29.8
3146.pdb,30.91
3147.pdb,31.32
3148.pdb,30.45
3149.pdb,21.62
3150.pdb,31.37
3151.pdb,27.61
3152.pdb,26.94
3153.pdb,30.24
3154.pdb,24.77
3155.pdb,27.01
3156.pdb,25.98
3157.pdb,32.41
3158.pdb,25.27
3159.pdb,31.8
3160.pdb,29.7
3161.pdb,28.91
3162.pdb,30.36
3163.pdb,28.74
3164.pdb,30.49
3165.pdb,29.54
3166.pdb,30.98
3167.pdb,29.85
3168.pdb,29.29
3169.pdb,30.91
3170.pdb,29.64
3171.pdb,29.75
3172.pdb,30.09
3173.pdb,31.23
3174.pdb,23.63
3175.pdb,22.82
3176.pdb,30.01
3177.pdb,30.83
3178.pdb,24.61
3179.pdb,21.9
3180.pdb,28.41
3181.pdb,29.1
3182.pdb,31.83
3183.pdb,30.16
3184.pdb,30.86
3185.pdb,26.67
3186.pdb,29.29
3187.pdb,30.09
3188.pdb,29.36
3189.pdb,28.64
3190.pdb,26.75
3191.pdb,28.99
3192.pdb,28.94
3193.pdb,29.07
3194.pdb,32.7
3195.pdb,30.8
3196.pdb,29.05
3197.pdb,23.99
3198.pdb,24.69
3199.pdb,21.19
3200.pdb,29.51
3201.pdb,28.89
3202.pdb,32.18
3203.pdb,24.43
3204.pdb,31.62
3205.pdb,31.09
3206.pdb,28.92
3207.pdb,31.24
3208.pdb,29.99
3209.pdb,29.31
3210.pdb,27.59
3211.pdb,31.01
3212.pdb,25.19
3213.pdb,30.42
3214.pdb,26.01
3215.pdb,24.5
3216.pdb,30.95
3217.pdb,29.8
3218.pdb,26.99
3219.pdb,31.78
3220.pdb,29.11
3221.pdb,30.48
3222.pdb,29.37
3223.pdb,29.68
3224.pdb,24.47
3225.pdb,29.27
3226.pdb,30.03
3227.pdb,29.04
3228.pdb,30.25
3229.pdb,29.62
3230.pdb,31.25
3231.pdb,27.48
3232.pdb,27.66
3233.pdb,26.53
3234.pdb,30.06
3235.pdb,27.12
3236.pdb,28.98
3237.pdb,29.71
3238.pdb,32.2
3239.pdb,29.2
3240.pdb,32.09
3241.pdb,29.24
3242.pdb,29.47
3243.pdb,26.65
3244.pdb,28.8
3245.pdb,28.68
3246.pdb,30.65
3247.pdb,30
3248.pdb,28.99
3249.pdb,29.92
3250.pdb,28.95
3251.pdb,29.59
3252.pdb,28.23
3253.pdb,29.61
3254.pdb,34.2
3255.pdb,34.43
3256.pdb,28.58
3257.pdb,29.97
3258.pdb,29.2
3259.pdb,27.01
3260.pdb,33.53
3261.pdb,30.41
3262.pdb,31.34
3263.pdb,29.77
3264.pdb,28.57
3265.pdb,29.07
3266.pdb,28.62
3267.pdb,31.36
3268.pdb,30.03
3269.pdb,28.96
3270.pdb,28.68
3271.pdb,27.65
3272.pdb,28.4
3273.pdb,30.56
3274.pdb,30.08
3275.pdb,28.31
3276.pdb,27.51
3277.pdb,30.35
3278.pdb,29.21
3279.pdb,29.28
3280.pdb,27.86
3281.pdb,27.83
3282.pdb,30.52
3283.pdb,29.34
3284.pdb,26.42
3285.pdb,28.02
3286.pdb,33.69
3287.pdb,29.31
3288.pdb,33.63
3289.pdb,30.18
3290.pdb,23.63
3291.pdb,27.79
3292.pdb,22.94
3293.pdb,27.65
3294.pdb,32.71
3295.pdb,28.86
3296.pdb,29.1
3297.pdb,32.16
3298.pdb,30.02
3299.pdb,27.58
3300.pdb,30.39
3301.pdb,29.42
3302.pdb,34.15
3303.pdb,28.63
3304.pdb,27.87
3305.pdb,26.96
3306.pdb,32.61
3307.pdb,28.08
3308.pdb,30.95
3309.pdb,31.52
3310.pdb,26.94
3311.pdb,27.63
3312.pdb,27.91
3313.pdb,28.47
3314.pdb,27.06
3315.pdb,26.56
3316.pdb,29.27
3317.pdb,29.11
3318.pdb,25.6
3319.pdb,31.19
3320.pdb,27.82
3321.pdb,29.51
3322.pdb,27.78
3323.pdb,28.91
3324.pdb,27.91
3325.pdb,28.47
3326.pdb,30.3
3327.pdb,28.9
3328.pdb,29.29
3329.pdb,29.07
3330.pdb,31.65
3331.pdb,29.6
3332.pdb,29.19
3333.pdb,32.21
3334.pdb,29.48
3335.pdb,27.09
3336.pdb,27.79
3337.pdb,33.24
3338.pdb,31.39
3339.pdb,28.67
3340.pdb,34.09
3341.pdb,26.81
3342.pdb,31.34
3343.pdb,21.71
3344.pdb,28.8
3345.pdb,29.86
3346.pdb,28.86
3347.pdb,24.62
3348.pdb,24.79
3349.pdb,29.34
3350.pdb,28.87
3351.pdb,26.51
3352.pdb,30.2
3353.pdb,29.66
3354.pdb,25.96
3355.pdb,28.27
3356.pdb,32.84
3357.pdb,28.39
3358.pdb,29.46
3359.pdb,29.09
3360.pdb,28.89
3361.pdb,25.5
3362.pdb,30.52
3363.pdb,28.48
3364.pdb,34.92
3365.pdb,28.51
3366.pdb,20.02
3367.pdb,28.16
3368.pdb,29.55
3369.pdb,29.7
3370.pdb,25.37
3371.pdb,29.57
3372.pdb,34.35
3373.pdb,22.54
3374.pdb,27.71
3375.pdb,26.69
3376.pdb,30.24
3377.pdb,35.11
3378.pdb,24.39
3379.pdb,28.96
3380.pdb,30.25
3381.pdb,27.4
3382.pdb,22.95
3383.pdb,29.06
3384.pdb,29.26
3385.pdb,27.65
3386.pdb,34.12
3387.pdb,31.27
3388.pdb,32.63
3389.pdb,30.34
3390.pdb,23.09
3391.pdb,28.13
3392.pdb,17.79
3393.pdb,26.83
3394.pdb,30.51
3395.pdb,33.3
3396.pdb,28.99
3397.pdb,29.64
3398.pdb,32.05
3399.pdb,34.65
3400.pdb,27.76
3401.pdb,29.5
3402.pdb,28.85
3403.pdb,30.6
3404.pdb,26.78
3405.pdb,30.38
3406.pdb,29.6
3407.pdb,31.37
3408.pdb,26.59
3409.pdb,28.22
3410.pdb,28.27
3411.pdb,23.56
3412.pdb,30.82
3413.pdb,24.51
3414.pdb,27.14
3415.pdb,26.9
3416.pdb,25.73
3417.pdb,34.08
3418.pdb,29.49
3419.pdb,28.35
3420.pdb,26.57
3421.pdb,30.42
3422.pdb,26.29
3423.pdb,34.28
3424.pdb,29.94
3425.pdb,32.86
3426.pdb,28.15
3427.pdb,24.31
3428.pdb,33.48
3429.pdb,34.12
3430.pdb,23.68
3431.pdb,29.27
3432.pdb,28.87
3433.pdb,29.18
3434.pdb,28.18
3435.pdb,27.59
3436.pdb,29.52
3437.pdb,31.65
3438.pdb,33.15
3439.pdb,24.81
3440.pdb,29.94
3441.pdb,29.62
3442.pdb,29.25
3443.pdb,33.77
3444.pdb,25.83
3445.pdb,33.09
3446.pdb,25.72
3447.pdb,28.75
3448.pdb,30.12
3449.pdb,28.29
3450.pdb,30.59
3451.pdb,26.96
3452.pdb,31.22
3453.pdb,29.05
3454.pdb,29.54
3455.pdb,28.21
3456.pdb,29.61
3457.pdb,32.57
3458.pdb,34.11
3459.pdb,28.63
3460.pdb,29.89
3461.pdb,31.95
3462.pdb,29.54
3463.pdb,23.17
3464.pdb,24.97
3465.pdb,27.67
3466.pdb,25.91
3467.pdb,34.63
3468.pdb,29.7
3469.pdb,31.21
3470.pdb,30.26
3471.pdb,34.34
3472.pdb,30.37
3473.pdb,23.07
3474.pdb,28.83
3475.pdb,31.54
3476.pdb,28.79
3477.pdb,33.59
3478.pdb,25.27
3479.pdb,34.25
3480.pdb,34.51
3481.pdb,26.06
3482.pdb,32.9
3483.pdb,27.49
3484.pdb,25.86
3485.pdb,31.97
3486.pdb,31.01
3487.pdb,28.02
3488.pdb,28.53
3489.pdb,30.91
3490.pdb,27.88
3491.pdb,29.81
3492.pdb,30.36
3493.pdb,34.47
3494.pdb,30.58
3495.pdb,28.91
3496.pdb,31.94
3497.pdb,30.59
3498.pdb,34.12
3499.pdb,29.87
3500.pdb,32.18
3501.pdb,29.59
3502.pdb,27.08
3503.pdb,28.12
3504.pdb,25.95
3505.pdb,26.76
3506.pdb,29.23
3507.pdb,28.01
3508.pdb,27.02
3509.pdb,28.36
3510.pdb,30.08
3511.pdb,27.12
3512.pdb,28.82
3513.pdb,29.6
3514.pdb,27.88
3515.pdb,27.65
3516.pdb,27.04
3517.pdb,27.45
3518.pdb,28.95
3519.pdb,27.63
3520.pdb,28.79
3521.pdb,28.23
3522.pdb,30.95
3523.pdb,28.93
3524.pdb,27.11
3525.pdb,27.8
3526.pdb,28.25
3527.pdb,28.01
3528.pdb,28.5
3529.pdb,27.07
3530.pdb,26.59
3531.pdb,26.28
3532.pdb,27.33
3533.pdb,27.76
3534.pdb,28.25
3535.pdb,25.57
3536.pdb,28.17
3537.pdb,29.47
3538.pdb,27.64
3539.pdb,26.37
3540.pdb,28.01
3542.pdb,28.12
3543.pdb,28.05
3544.pdb,28.44
3545.pdb,26.83
3546.pdb,25.44
3547.pdb,26.12
3548.pdb,27.48
3549.pdb,25.81
3550.pdb,29.43
3551.pdb,26.81
3552.pdb,26.82
3553.pdb,26.09
3554.pdb,26.46
3555.pdb,29.27
3556.pdb,28.51
3557.pdb,28.54
3558.pdb,27.29
3559.pdb,27.33
3560.pdb,29.27
3561.pdb,28.31
3562.pdb,27.24
3563.pdb,25.33
3564.pdb,27.77
3565.pdb,29.59
3566.pdb,27.07
3567.pdb,25.62
3568.pdb,28.32
3569.pdb,27.22
3570.pdb,28.9
3571.pdb,26.26
3572.pdb,25.63
3573.pdb,26.73
3574.pdb,27.53
3575.pdb,27.96
3576.pdb,27.91
3577.pdb,27.5
3578.pdb,27.81
3579.pdb,25.9
3580.pdb,25.99
3581.pdb,28.22
3582.pdb,26.63
3583.pdb,26.79
3584.pdb,28.59
3585.pdb,26.15
3586.pdb,28.15
3587.pdb,28.34
3588.pdb,28.31
3589.pdb,28.34
3590.pdb,26.5
3591.pdb,27.17
3592.pdb,26.63
3593.pdb,27.14
3594.pdb,28.64
3595.pdb,24.52
3596.pdb,28.87
3597.pdb,26.17
3598.pdb,29.42
3599.pdb,28.2
3600.pdb,28.44
3601.pdb,27.51
3602.pdb,28.65
3603.pdb,28.17
3604.pdb,28.48
3605.pdb,27.56
3606.pdb,28.74
3607.pdb,28.08
3608.pdb,27.91
3610.pdb,26.43
3611.pdb,27.18
3612.pdb,27.2
3613.pdb,28.57
3614.pdb,26.37
3615.pdb,29.26
3616.pdb,28.7
3617.pdb,27.54
3618.pdb,26.64
3619.pdb,26.08
3620.pdb,29.26
3621.pdb,27.25
3622.pdb,28.42
3623.pdb,28.71
3624.pdb,26.93
3625.pdb,30.74
3626.pdb,27.29
3627.pdb,28.21
3628.pdb,27.35
3629.pdb,28.57
3630.pdb,29.03
3631.pdb,26.47
3632.pdb,27.11
3633.pdb,27.15
3634.pdb,26.2
3635.pdb,28.34
3636.pdb,27.34
3637.pdb,28.63
3638.pdb,27.3
3639.pdb,27.34
3640.pdb,28.3
3641.pdb,29.6
3642.pdb,26.65
3643.pdb,28.24
3644.pdb,28.52
3645.pdb,28.74
3646.pdb,26.37
3647.pdb,26.95
3648.pdb,30.08
3649.pdb,29.83
3650.pdb,28.36
3651.pdb,27
3652.pdb,27.78
3653.pdb,26.65
3654.pdb,27.86
3655.pdb,27.58
3656.pdb,29.41
3657.pdb,27.99
3658.pdb,29.19
3659.pdb,26.13
3660.pdb,28.97
3661.pdb,26.09
3662.pdb,29.94
3663.pdb,26.1
3664.pdb,27.68
3665.pdb,26.07
3666.pdb,29.18
3667.pdb,28.29
3668.pdb,26.38
3669.pdb,27.59
3670.pdb,28.64
3671.pdb,27.8
3672.pdb,26.36
3673.pdb,27.66
3674.pdb,28.68
3675.pdb,27.28
3676.pdb,26.34
3677.pdb,26.64
3678.pdb,27.37
3679.pdb,27.45
3680.pdb,28.3
3681.pdb,27.22
3682.pdb,28.16
3683.pdb,27.03
3684.pdb,27.15
3685.pdb,28.6
3686.pdb,26.7
3687.pdb,31.06
3688.pdb,27.95
3689.pdb,27.51
3690.pdb,27.17
3691.pdb,24.99
3692.pdb,27.83
3693.pdb,28.53
3694.pdb,26.24
3695.pdb,26.96
3696.pdb,27.3
3697.pdb,29.28
3698.pdb,27.18
3699.pdb,27.36
3700.pdb,30.18
3701.pdb,28.45
3702.pdb,27.56
3703.pdb,26.88
3704.pdb,28.89
3705.pdb,28.12
3706.pdb,27.71
3707.pdb,27.72
3708.pdb,27.44
3709.pdb,28.64
3710.pdb,26.27
3711.pdb,26.71
3712.pdb,26.16
3713.pdb,25.5
3714.pdb,27
3715.pdb,28.83
3716.pdb,28.22
3717.pdb,29.3
3718.pdb,26.93
3719.pdb,26.41
3720.pdb,27.03
3721.pdb,27.74
3722.pdb,27.08
3723.pdb,29.2
3724.pdb,28.96
3725.pdb,29.26
3726.pdb,28.38
3727.pdb,28.03
3728.pdb,27.25
3729.pdb,27.47
3730.pdb,26.01
3731.pdb,27.16
3732.pdb,27.06
3733.pdb,28.01
3734.pdb,29.82
3735.pdb,29.95
3736.pdb,26.13
3737.pdb,25.21
3738.pdb,27.28
3739.pdb,27.69
3740.pdb,26.75
3741.pdb,27.79
3742.pdb,26.81
3743.pdb,28.1
3744.pdb,27.94
3745.pdb,27.63
3746.pdb,28.76
3747.pdb,28.28
3748.pdb,28.36
3749.pdb,28.58
3750.pdb,27.03
3751.pdb,27.33
3752.pdb,28.66
3753.pdb,25.69
3754.pdb,27.84
3755.pdb,28.31
3756.pdb,27.73
3757.pdb,26.49
3758.pdb,26.16
3759.pdb,27.1
3760.pdb,28.53
3761.pdb,26.98
3762.pdb,29.05
3763.pdb,28.61
3764.pdb,29
3765.pdb,26.87
3766.pdb,29.46
3767.pdb,28.1
3768.pdb,27.46
3769.pdb,26.6
3770.pdb,26.63
3771.pdb,27.9
3772.pdb,27.09
3773.pdb,28.77
3774.pdb,27.42
3775.pdb,27.18
3776.pdb,26.06
3777.pdb,28.08
3778.pdb,27.35
3779.pdb,26.86
3780.pdb,27.62
3781.pdb,26.42
3782.pdb,28.08
3783.pdb,27.91
3784.pdb,27.75
3785.pdb,28.3
3786.pdb,28.81
3787.pdb,28.2
3788.pdb,27.94
3789.pdb,28.08
3790.pdb,25.99
3791.pdb,30.45
3792.pdb,28.1
3793.pdb,27.38
3794.pdb,27.26
3795.pdb,27.74
3796.pdb,28.96
3797.pdb,29.01
3798.pdb,26.7
3799.pdb,27.57
3800.pdb,28.45
3801.pdb,27.68
3802.pdb,29.4
3803.pdb,24.94
3804.pdb,27.39
3805.pdb,27.15
3806.pdb,29.3
3807.pdb,28.18
3808.pdb,28.56
3809.pdb,28.46
3810.pdb,29.51
3811.pdb,25.07
3812.pdb,31.75
3813.pdb,26.89
3814.pdb,28.64
3815.pdb,28.74
3816.pdb,30.5
3817.pdb,27.08
3818.pdb,25.77
3819.pdb,26.42
3820.pdb,26.17
3821.pdb,28
3822.pdb,28.48
3823.pdb,27.41
3824.pdb,30.82
3825.pdb,27.95
3826.pdb,29.78
3827.pdb,26.67
3828.pdb,26.11
3829.pdb,29.14
3830.pdb,26.37
3831.pdb,29.25
3832.pdb,27.14
3833.pdb,28.42
3834.pdb,28.44
3835.pdb,27.28
3836.pdb,27.08
3837.pdb,29.05
3838.pdb,27.27
3839.pdb,25.62
3840.pdb,29.28
3841.pdb,26.75
3842.pdb,28.52
3843.pdb,27.5
3844.pdb,26.86
3845.pdb,28.85
3846.pdb,30.56
3847.pdb,28.45
3848.pdb,27.45
3849.pdb,28.36
3850.pdb,27.57
3851.pdb,29.29
3852.pdb,30.1
3853.pdb,25.82
3854.pdb,26.34
3855.pdb,27.6
3856.pdb,27.04
3857.pdb,27.84
3858.pdb,27.56
3859.pdb,28.11
3860.pdb,27.69
3861.pdb,27.61
3862.pdb,26.83
3863.pdb,27.64
3864.pdb,30.02
3865.pdb,26.87
3866.pdb,27.1
3867.pdb,26.47
3868.pdb,27.31
3869.pdb,28.03
3870.pdb,28.29
3871.pdb,27.63
3872.pdb,26.58
3873.pdb,28.12
3874.pdb,28.27
3875.pdb,28.5
3876.pdb,26.23
3877.pdb,27.55
3878.pdb,26.97
3879.pdb,28.83
3880.pdb,27.43
3881.pdb,29.99
3882.pdb,26.45
3883.pdb,27.05
3884.pdb,27.63
3885.pdb,29.63
3886.pdb,28.94
3887.pdb,27.59
3888.pdb,30.95
3889.pdb,27.6
3890.pdb,25.98
3891.pdb,26.66
3892.pdb,27.08
3893.pdb,27.47
3894.pdb,27.89
3895.pdb,28.57
3896.pdb,27.2
3897.pdb,27.52
3898.pdb,28.03
3899.pdb,27.82
3900.pdb,28.22
3901.pdb,27.71
3902.pdb,25.8
3903.pdb,28.1
3904.pdb,27.27
3905.pdb,28.33
3906.pdb,27.83
3907.pdb,27.19
3908.pdb,28.47
3909.pdb,28.08
3910.pdb,27.04
3911.pdb,26.05
3912.pdb,26.78
3913.pdb,25.1
3914.pdb,25.21
3915.pdb,28.29
3916.pdb,26.83
3917.pdb,27.92
3918.pdb,26.05
3919.pdb,28.18
3920.pdb,26.38
3921.pdb,28.1
3922.pdb,26.81
3923.pdb,29.06
3924.pdb,29.57
3925.pdb,28.82
3926.pdb,29.1
3927.pdb,25.55
3928.pdb,28.57
3929.pdb,28.88
3930.pdb,27.84
3931.pdb,29.06
3932.pdb,27.34
3933.pdb,25.71
3934.pdb,27.89
3935.pdb,26.91
3936.pdb,28.44
3937.pdb,25.2
3938.pdb,28.39
3939.pdb,28.05
3940.pdb,26.01
3941.pdb,27.65
3942.pdb,28.27
3943.pdb,27.16
3944.pdb,27.8
3945.pdb,28.93
3946.pdb,26.99
3947.pdb,27.85
3948.pdb,27.36
3949.pdb,29.35
3950.pdb,26.63
3951.pdb,28.2
3952.pdb,27.69
3953.pdb,28.8
3954.pdb,27.78
3955.pdb,27.86
3956.pdb,28.25
3957.pdb,28.05
3958.pdb,26.24
3959.pdb,26.97
3960.pdb,27.99
3961.pdb,28.28
3962.pdb,28.15
3963.pdb,27.8
3964.pdb,28.03
3965.pdb,28.61
3966.pdb,28.27
3967.pdb,27.57
3968.pdb,27.28
3969.pdb,27.4
3970.pdb,28.37
3971.pdb,28.74
3972.pdb,27.09
3973.pdb,27.22
3974.pdb,28.13
3975.pdb,27.52
3976.pdb,27.87
3977.pdb,27.01
3978.pdb,22.7
3979.pdb,26.83
3980.pdb,29.06
3981.pdb,28.09
3982.pdb,26.87
3983.pdb,27.28
3984.pdb,27.34
3985.pdb,27.45
3986.pdb,28.68
3987.pdb,26.7
3988.pdb,27.58
3989.pdb,27.61
3990.pdb,26.54
3991.pdb,28.84
3992.pdb,29.4
3993.pdb,27.25
3994.pdb,26.8
3995.pdb,27.88
3996.pdb,30.86
3997.pdb,29.28
3998.pdb,28.24
3999.pdb,27.49
4000.pdb,27.41
4001.pdb,26.46
4002.pdb,26.98
4003.pdb,27.17
4004.pdb,25.22
4005.pdb,26.69
4006.pdb,27.83
4007.pdb,27.41
4008.pdb,27.62
4009.pdb,26.43
4010.pdb,25.87
4011.pdb,28.45
4012.pdb,26.98
4013.pdb,26.32
4014.pdb,27.83
4015.pdb,27.61
4016.pdb,27.29
4017.pdb,27.86
4018.pdb,27.92
4019.pdb,30.83
4020.pdb,28.41
4021.pdb,28.23
4022.pdb,28.16
4023.pdb,28.75
4024.pdb,27.84
4025.pdb,25.35
4026.pdb,27.1
4027.pdb,28.03
4028.pdb,26.37
4029.pdb,28.87
4030.pdb,27.5
4031.pdb,25.79
4032.pdb,30.49
4033.pdb,27.78
4034.pdb,29.05
4035.pdb,26.52
4036.pdb,27.62
4037.pdb,27.52
4038.pdb,27.75
4039.pdb,29.44
4040.pdb,27.83
4041.pdb,29.39
4042.pdb,27.21
4043.pdb,27.33
4044.pdb,26.66
4045.pdb,28.25
4046.pdb,28.85
4047.pdb,27.28
4048.pdb,29.04
4049.pdb,28.41
4050.pdb,27.78
4051.pdb,27.44
4052.pdb,27.37
4053.pdb,26.76
4054.pdb,27.07
4055.pdb,28.24
4056.pdb,27.52
4057.pdb,28.64
4058.pdb,27.72
4059.pdb,27.39
4060.pdb,26
4061.pdb,26.21
4062.pdb,28.28
4063.pdb,29
4064.pdb,29.56
4065.pdb,26.01
4066.pdb,26.29
4067.pdb,26.01
4068.pdb,27.29
4069.pdb,27.68
4070.pdb,27.77
4071.pdb,27.6
4072.pdb,26.62
4073.pdb,28.7
4074.pdb,26.52
4075.pdb,27.01
4076.pdb,29.15
4077.pdb,29.31
4078.pdb,25.94
4079.pdb,27.9
4080.pdb,27.15
4081.pdb,27.92
4082.pdb,27.41
4083.pdb,28.05
4084.pdb,28.23
4085.pdb,25.63
4086.pdb,27.88
4087.pdb,29.38
4088.pdb,27.11
4089.pdb,26.57
4090.pdb,28.16
4091.pdb,28.95
4092.pdb,28
4093.pdb,25.32
4094.pdb,26.46
4095.pdb,29.22
4096.pdb,29.26
4097.pdb,29.37
4098.pdb,28.3
4099.pdb,27.5
4100.pdb,28.69
4101.pdb,27.94
4102.pdb,26.74
4103.pdb,28.31
4104.pdb,27.24
4105.pdb,25.85
4106.pdb,28.82
4107.pdb,29.22
4108.pdb,29.05
4109.pdb,31.83
4110.pdb,28.22
4111.pdb,28.53
4112.pdb,28.14
4113.pdb,27.57
4114.pdb,25.98
4115.pdb,26.94
4116.pdb,27.79
4117.pdb,28.5
4118.pdb,27.94
4119.pdb,28.21
4120.pdb,29.86
4121.pdb,30.73
4122.pdb,29.12
4123.pdb,30.27
4124.pdb,30.11
4125.pdb,27.11
4126.pdb,26.38
4127.pdb,29.93
4128.pdb,29.01
4129.pdb,28.86
4130.pdb,25.25
4131.pdb,26.36
4132.pdb,28.15
4133.pdb,28.28
4134.pdb,29.16
4135.pdb,32.65
4136.pdb,27.68
4137.pdb,28.05
4138.pdb,30.66
4139.pdb,27.14
4140.pdb,27.15
4141.pdb,25.4
4142.pdb,26.24
4143.pdb,26.73
4144.pdb,30.94
4145.pdb,28.49
4146.pdb,26.31
4147.pdb,30.84
4148.pdb,27.57
4149.pdb,27.25
4150.pdb,26.2
4151.pdb,26.97
4152.pdb,28.16
4153.pdb,30.58
4154.pdb,26.26
4155.pdb,26.91
4156.pdb,32.7
4157.pdb,28.19
4158.pdb,26.88
4159.pdb,30.93
4160.pdb,27.81
4161.pdb,29.66
4162.pdb,27.26
4163.pdb,27.58
4164.pdb,26
4165.pdb,28.38
4166.pdb,28.25
4167.pdb,25.84
4168.pdb,26.88
4169.pdb,26.43
4170.pdb,26.84
4171.pdb,31.12
4172.pdb,28.67
4173.pdb,28.14
4174.pdb,29.09
4175.pdb,27.71
4176.pdb,28.05
4177.pdb,27.9
4178.pdb,29.43
4179.pdb,28.42
4180.pdb,28.07
4181.pdb,27.62
4182.pdb,28.24
4183.pdb,26.41
4184.pdb,26.38
4185.pdb,26.88
4186.pdb,28.82
4187.pdb,27.92
4188.pdb,27.64
4189.pdb,29.63
4190.pdb,27.06
4191.pdb,27.2
4192.pdb,28.33
4193.pdb,29.19
4194.pdb,26.47
4195.pdb,27.99
4196.pdb,25.91
4197.pdb,26.79
4198.pdb,26.39
4199.pdb,29.43
4200.pdb,28.95
4201.pdb,28.13
4202.pdb,27.04
4203.pdb,27.8
4204.pdb,29.76
4205.pdb,28.52
4206.pdb,27.71
4207.pdb,27.57
4208.pdb,28.89
4209.pdb,28.76
4210.pdb,25.81
4211.pdb,26.95
4212.pdb,25.98
4213.pdb,26.97
4214.pdb,28.3
4215.pdb,27.12
4216.pdb,29.57
4217.pdb,29.73
4218.pdb,29.38
4219.pdb,28.59
4220.pdb,28.65
4221.pdb,28.15
4222.pdb,27.75
4223.pdb,27.28
4224.pdb,29.15
4225.pdb,31.35
4226.pdb,26.75
4227.pdb,27.27
4228.pdb,29.12
4229.pdb,27.25
4230.pdb,26.99
4231.pdb,29.03
4232.pdb,29.8
4233.pdb,27.86
4234.pdb,28.15
4235.pdb,27.16
4236.pdb,28.35
4237.pdb,29.14
4238.pdb,28.97
4239.pdb,27.41
4240.pdb,27.07
4241.pdb,29.92
4242.pdb,26.39
4243.pdb,27.59
4244.pdb,25.32
4245.pdb,28.82
4246.pdb,30.41
4247.pdb,27.19
4248.pdb,26.81
4249.pdb,28.04
4250.pdb,27.28
4251.pdb,29.32
4252.pdb,27.69
4253.pdb,28.08
4254.pdb,27.18
4255.pdb,29.12
4256.pdb,27.77
4257.pdb,28.13
4258.pdb,29.12
4259.pdb,32.01
4260.pdb,29.43
4261.pdb,26.99
4262.pdb,27.84
4263.pdb,32.44
4264.pdb,30.05
4265.pdb,27.67
4266.pdb,28.67
4267.pdb,26.55
4268.pdb,27.81
4269.pdb,26.32
4270.pdb,27.99
4271.pdb,26.35
4272.pdb,28.24
4273.pdb,27.93
4274.pdb,26.94
4275.pdb,26.91
4276.pdb,27.1
4277.pdb,27.69
4278.pdb,28.45
4279.pdb,29.74
4280.pdb,33.75
4281.pdb,28.46
4282.pdb,25.99
4283.pdb,32.55
4284.pdb,27.31
4285.pdb,28.52
4286.pdb,32.15
4287.pdb,27.65
4288.pdb,27.61
4289.pdb,34.08
4290.pdb,27.18
4291.pdb,33.72
4292.pdb,33.02
4293.pdb,30.68
4294.pdb,27.1
4295.pdb,25.88
4296.pdb,27.9
4297.pdb,28.73
4298.pdb,28.99
4299.pdb,25.94
4300.pdb,29.35
4301.pdb,27.99
4302.pdb,29.53
4303.pdb,27.49
4304.pdb,26.47
4305.pdb,28.35
4306.pdb,27.71
4307.pdb,27.93
4308.pdb,27.04
4309.pdb,34.33
4310.pdb,25.82
4311.pdb,27.81
4312.pdb,31.96
4313.pdb,24.85
4314.pdb,30.29
4315.pdb,32.24
4316.pdb,29.5
4317.pdb,29.07
4318.pdb,30.81
4319.pdb,26.65
4320.pdb,29.72
4321.pdb,27.7
4322.pdb,27.55
4323.pdb,30.52
4324.pdb,27.77
4325.pdb,27.13
4326.pdb,29.64
4327.pdb,23.55
4328.pdb,26.5
4329.pdb,26.82
4330.pdb,26.98
4331.pdb,25.03
4332.pdb,29.57
4333.pdb,27.5
4334.pdb,27.35
4335.pdb,29.35
4336.pdb,30.25
4337.pdb,30.08
4338.pdb,26.55
4339.pdb,29.66
4340.pdb,26.91
4341.pdb,26.76
4342.pdb,26.97
4343.pdb,26.52
4344.pdb,26.85
4345.pdb,27.66
4346.pdb,26.85
4347.pdb,34.24
4348.pdb,27.2
4349.pdb,27.2
4350.pdb,26.92
4351.pdb,27.56
4352.pdb,29.86
4353.pdb,27.34
4354.pdb,26.51
4355.pdb,27.22
4356.pdb,29.41
4357.pdb,26.82
4358.pdb,28.28
4359.pdb,29.82
4360.pdb,27.11
4361.pdb,28.32
4362.pdb,30.09
4363.pdb,32.21
4364.pdb,32.92
4365.pdb,27.29
4366.pdb,26.59
4367.pdb,29.92
4368.pdb,31.51
4369.pdb,26.5
4370.pdb,27
4371.pdb,28.56
4372.pdb,27.28
4373.pdb,26.24
4374.pdb,28.69
4375.pdb,26.95
4376.pdb,27.83
4377.pdb,28.66
4378.pdb,29.49
4379.pdb,27.69
4380.pdb,26.65
4381.pdb,27.05
4382.pdb,26.64
4383.pdb,28.58
4384.pdb,29.35
4385.pdb,28.93
4386.pdb,23.83
4387.pdb,25.58
4388.pdb,28.09
4389.pdb,29.09
4390.pdb,28.93
4391.pdb,29.73
4392.pdb,27.33
4393.pdb,29.68
4395.pdb,28.67
4396.pdb,29.08
4397.pdb,27.97
4398.pdb,23.42
4399.pdb,32.06
4400.pdb,27.39
4401.pdb,30.81
4402.pdb,24.98
4403.pdb,27.82
4404.pdb,29.18
4405.pdb,30.04
4406.pdb,26.65
4407.pdb,29.82
4408.pdb,27.52
4409.pdb,25.36
4410.pdb,31.81
4411.pdb,28.55
4412.pdb,29.15
4413.pdb,30.06
4414.pdb,33.28
4415.pdb,29.12
4416.pdb,31.37
4418.pdb,26.75
4419.pdb,30.59
4420.pdb,27.97
4421.pdb,27.5
4422.pdb,28.38
4423.pdb,27.83
4424.pdb,28
4426.pdb,29.62
4428.pdb,30.23
4429.pdb,28.05
4430.pdb,29.95
4431.pdb,27.16
4432.pdb,30.65
4433.pdb,28.68
4434.pdb,29.24
4435.pdb,28.93
4436.pdb,30.44
4437.pdb,27.05
4439.pdb,27.09
4440.pdb,29.28
4443.pdb,33.73
4444.pdb,28.26
4446.pdb,32.99
4448.pdb,33.12
4449.pdb,28.77
4450.pdb,28.84
4451.pdb,32.43
4456.pdb,32.96
4458.pdb,32.38
4460.pdb,28.4
4464.pdb,29.49
4465.pdb,28.83
4467.pdb,28.19
4473.pdb,27.1
4474.pdb,26.82
4475.pdb,26.67
4477.pdb,26.45
4480.pdb,24.99
4481.pdb,27.73
4482.pdb,32.95
4483.pdb,25.52
4485.pdb,26.79
4486.pdb,26.41
4488.pdb,25.07
4492.pdb,28.75
4493.pdb,28.83
4494.pdb,28.81
4495.pdb,32.84
4498.pdb,29.14
4504.pdb,29.25
4506.pdb,26.48
4507.pdb,27.48
4509.pdb,28.53
4512.pdb,27.84
4513.pdb,29.77
4514.pdb,28.01
4515.pdb,27.07
4518.pdb,26.74
4519.pdb,26.25
4521.pdb,31.78
4522.pdb,27.72
4523.pdb,26.81
4524.pdb,26.43
4525.pdb,28.55
4526.pdb,26.99
4527.pdb,27.7
4528.pdb,28.04
4529.pdb,28.85
4530.pdb,29.53
4531.pdb,27.94
4532.pdb,28.3
4533.pdb,30.63
4534.pdb,27.88
4535.pdb,28.69
4536.pdb,27.21
4537.pdb,29.07
4538.pdb,27.83
4539.pdb,30.86
4540.pdb,29.95
4541.pdb,29.2
4542.pdb,28.59
4543.pdb,29.03
4544.pdb,27.58
4545.pdb,28.73
4546.pdb,26.23
4547.pdb,26.82
4548.pdb,29.41
4549.pdb,27.91
4550.pdb,28.47
4551.pdb,27.72
4552.pdb,28.52
4553.pdb,28.31
4554.pdb,29.86
4555.pdb,29.77
4556.pdb,29.54
4557.pdb,26.19
4558.pdb,29.51
4559.pdb,31.97
4560.pdb,30.22
4561.pdb,27.28
4562.pdb,29.69
4563.pdb,26.97
4564.pdb,30.61
4565.pdb,26.78
4566.pdb,26.39
4567.pdb,30.56
4568.pdb,27.86
4569.pdb,28.28
4570.pdb,29.21
4571.pdb,29.77
4572.pdb,24.14
4573.pdb,29.99
4574.pdb,24.96
4575.pdb,30.98
4576.pdb,27.92
4577.pdb,26.25
4578.pdb,28
4579.pdb,29.79
4580.pdb,30.31
4581.pdb,29.53
4582.pdb,26.62
4583.pdb,29.9
4584.pdb,28.03
4585.pdb,28.71
4586.pdb,27.87
4587.pdb,29.69
4588.pdb,28.41
4589.pdb,26.47
4590.pdb,27.63
4591.pdb,29.68
4592.pdb,29.09
4593.pdb,26.58
4594.pdb,28.74
4595.pdb,30.18
4596.pdb,29.35
4597.pdb,29.11
4598.pdb,25.93
4599.pdb,30.55
4600.pdb,30.78
4601.pdb,30.55
4602.pdb,28.81
4603.pdb,29.67
4604.pdb,29.62
4605.pdb,28.74
4606.pdb,29.07
4607.pdb,30.73
4608.pdb,29.5
4609.pdb,28.32
4610.pdb,32.15
4611.pdb,28.18
4612.pdb,29.57
4613.pdb,31.49
4614.pdb,29.77
4615.pdb,30.79
4616.pdb,30.82
4617.pdb,30.5
4618.pdb,30.63
4619.pdb,30.32
4620.pdb,30.55
4621.pdb,26.89
4622.pdb,30.28
4623.pdb,30.61
4624.pdb,28.05
4625.pdb,30.63
4626.pdb,35.46
4627.pdb,28.53
4628.pdb,26.83
4629.pdb,29.86
4630.pdb,29.63
4631.pdb,28.67
4632.pdb,29.78
4633.pdb,29.14
4634.pdb,28.29
4635.pdb,29.12
4636.pdb,28.89
4637.pdb,30.33
4638.pdb,29.37
4639.pdb,30.71
4640.pdb,30.6
4641.pdb,27.45
4642.pdb,25.91
4643.pdb,28.01
4644.pdb,25.21
4645.pdb,29.59
4646.pdb,28.5
4647.pdb,27.32
4648.pdb,29.06
4649.pdb,28.23
4650.pdb,33.71
